SampleID,AnAer,Day,Rec_day_adj,Mouse,Cage,Trt_noInf,Treatment,Diet,Abx,Inf,Desc,meanCFUpg_BHIS,Aim,Cohort
ST18,anaer,49,-3,2187,6151946,RC-ABX,RC-ABX-INF,RC,ABX,INF,pre-abx,5.69E+09,3,1
ST17,anaer,49,-3,4025,6151946,RC-ABX,RC-ABX-INF,RC,ABX,INF,pre-abx,1.42E+09,3,1
ST345,anaer,49,-3,92,6158105,RC-ABX,RC-ABX-INF,RC,ABX,INF,pre-abx,2.97E+09,3,2
ST346,anaer,49,-3,238,6158105,RC-ABX,RC-ABX-INF,RC,ABX,INF,pre-abx,4.38E+09,3,2
ST618,anaer,49,-3,98,6158101,RC-ABX,RC-ABX-INF,RC,ABX,INF,pre-abx,NA,3,3
ST617,anaer,49,-3,247,6158101,RC-ABX,RC-ABX-INF,RC,ABX,INF,pre-abx,NA,3,3
ST915,anaer,49,-3,86,6160718,RC-ABX,RC-ABX-INF,RC,ABX,INF,pre-abx,2.49E+11,3,4
ST914,anaer,49,-3,87,6160718,RC-ABX,RC-ABX-INF,RC,ABX,INF,pre-abx,6.79E+11,3,4
ST913,anaer,49,-3,5001,6160718,RC-ABX,RC-ABX-INF,RC,ABX,INF,pre-abx,4.77E+10,3,4
ST916,anaer,49,-3,5002,6160719,RC-ABX,RC-ABX-INF,RC,ABX,INF,pre-abx,7.02E+10,3,4
ST917,anaer,49,-3,5003,6160719,RC-ABX,RC-ABX-INF,RC,ABX,INF,pre-abx,1.21E+11,3,4
ST918,anaer,49,-3,5004,6160719,RC-ABX,RC-ABX-INF,RC,ABX,INF,pre-abx,3.41E+11,3,4
ST1219,anaer,49,-3,6500,6183042,RC-ABX,RC-ABX-INF,RC,ABX,INF,pre-abx,3.41E+11,3,5
ST1220,anaer,49,-3,6501,6183042,RC-ABX,RC-ABX-INF,RC,ABX,INF,pre-abx,3.43E+11,3,5
ST1221,anaer,49,-3,6502,6183042,RC-ABX,RC-ABX-INF,RC,ABX,INF,pre-abx,2.21E+11,3,5
ST1375,anaer,49,-3,6512,6183046,RC-ABX,RC-ABX-INF,RC,ABX,INF,pre-abx,1.91E+10,3,6
ST1376,anaer,49,-3,6513,6183046,RC-ABX,RC-ABX-INF,RC,ABX,INF,pre-abx,7.77E+09,3,6
ST1377,anaer,49,-3,6514,6183046,RC-ABX,RC-ABX-INF,RC,ABX,INF,pre-abx,3.05E+09,3,6
ST39,anaer,52,0,2187,6151946,RC-ABX,RC-ABX-INF,RC,ABX,INF,post-abx,0.00E+00,3,1
ST40,anaer,52,0,4025,6151946,RC-ABX,RC-ABX-INF,RC,ABX,INF,post-abx,0.00E+00,3,1
ST349,anaer,52,0,92,6158105,RC-ABX,RC-ABX-INF,RC,ABX,INF,post-abx,NA,3,2
ST350,anaer,52,0,238,6158105,RC-ABX,RC-ABX-INF,RC,ABX,INF,post-abx,NA,3,2
ST634,anaer,52,0,98,6158101,RC-ABX,RC-ABX-INF,RC,ABX,INF,post-abx,0.00E+00,3,3
ST633,anaer,52,0,247,6158101,RC-ABX,RC-ABX-INF,RC,ABX,INF,post-abx,0.00E+00,3,3
ST927,anaer,52,0,86,6160718,RC-ABX,RC-ABX-INF,RC,ABX,INF,post-abx,0,3,4
ST926,anaer,52,0,87,6160718,RC-ABX,RC-ABX-INF,RC,ABX,INF,post-abx,0,3,4
ST925,anaer,52,0,5001,6160718,RC-ABX,RC-ABX-INF,RC,ABX,INF,post-abx,2.86E+07,3,4
ST928,anaer,52,0,5002,6160719,RC-ABX,RC-ABX-INF,RC,ABX,INF,post-abx,0,3,4
ST929,anaer,52,0,5003,6160719,RC-ABX,RC-ABX-INF,RC,ABX,INF,post-abx,0,3,4
ST930,anaer,52,0,5004,6160719,RC-ABX,RC-ABX-INF,RC,ABX,INF,post-abx,0,3,4
ST1231,anaer,52,0,6500,6183042,RC-ABX,RC-ABX-INF,RC,ABX,INF,post-abx,41145833,3,5
ST1232,anaer,52,0,6501,6183042,RC-ABX,RC-ABX-INF,RC,ABX,INF,post-abx,2068105,3,5
ST1233,anaer,52,0,6502,6183042,RC-ABX,RC-ABX-INF,RC,ABX,INF,post-abx,23648649,3,5
ST1387,anaer,52,0,6512,6183046,RC-ABX,RC-ABX-INF,RC,ABX,INF,post-abx,703125,3,6
ST1388,anaer,52,0,6513,6183046,RC-ABX,RC-ABX-INF,RC,ABX,INF,post-abx,1392045,3,6
ST1389,anaer,52,0,6514,6183046,RC-ABX,RC-ABX-INF,RC,ABX,INF,post-abx,1001214,3,6
na,anaer,56,4,2187,6151946,RC-ABX,RC-ABX-INF,RC,ABX,INF,rec-wk1,1.88E+10,3,1
na,anaer,56,4,4025,6151946,RC-ABX,RC-ABX-INF,RC,ABX,INF,rec-wk1,5.16E+09,3,1
92,anaer,56,4,92,6158105,RC-ABX,RC-ABX-INF,RC,ABX,INF,rec-wk1,9.36E+09,3,2
238,anaer,56,4,238,6158105,RC-ABX,RC-ABX-INF,RC,ABX,INF,rec-wk1,9.76E+09,3,2
98,anaer,56,4,98,6158101,RC-ABX,RC-ABX-INF,RC,ABX,INF,rec-wk1,5.63E+10,3,3
247,anaer,56,4,247,6158101,RC-ABX,RC-ABX-INF,RC,ABX,INF,rec-wk1,2.70E+11,3,3
ST939,anaer,56,4,86,6160718,RC-ABX,RC-ABX-INF,RC,ABX,INF,rec-wk1,3.48E+09,3,4
ST938,anaer,56,4,87,6160718,RC-ABX,RC-ABX-INF,RC,ABX,INF,rec-wk1,1.53E+10,3,4
ST937,anaer,56,4,5001,6160718,RC-ABX,RC-ABX-INF,RC,ABX,INF,rec-wk1,5.35E+09,3,4
ST940,anaer,56,4,5002,6160719,RC-ABX,RC-ABX-INF,RC,ABX,INF,rec-wk1,2.29E+09,3,4
ST941,anaer,56,4,5003,6160719,RC-ABX,RC-ABX-INF,RC,ABX,INF,rec-wk1,4.55E+09,3,4
ST942,anaer,56,4,5004,6160719,RC-ABX,RC-ABX-INF,RC,ABX,INF,rec-wk1,6.09E+09,3,4
ST1243,anaer,56,4,6500,6183042,RC-ABX,RC-ABX-INF,RC,ABX,INF,recovery,1.96E+11,3,5
ST1244,anaer,56,4,6501,6183042,RC-ABX,RC-ABX-INF,RC,ABX,INF,recovery,1.42E+11,3,5
ST1245,anaer,56,4,6502,6183042,RC-ABX,RC-ABX-INF,RC,ABX,INF,recovery,2.35E+11,3,5
ST1399,anaer,56,4,6512,6183046,RC-ABX,RC-ABX-INF,RC,ABX,INF,recovery,1.32E+12,3,6
ST1400,anaer,56,4,6513,6183046,RC-ABX,RC-ABX-INF,RC,ABX,INF,recovery,1.04E+12,3,6
ST1401,anaer,56,4,6514,6183046,RC-ABX,RC-ABX-INF,RC,ABX,INF,recovery,2.34E+12,3,6
ST62,anaer,59,7,2187,6151946,RC-ABX,RC-ABX-INF,RC,ABX,INF,rec-wk1,NA,3,1
ST61,anaer,59,7,4025,6151946,RC-ABX,RC-ABX-INF,RC,ABX,INF,rec-wk1,1.37E+11,3,1
ST365,anaer,59,7,92,6158105,RC-ABX,RC-ABX-INF,RC,ABX,INF,rec-wk1,2.82E+09,3,2
ST366,anaer,59,7,238,6158105,RC-ABX,RC-ABX-INF,RC,ABX,INF,rec-wk1,1.71E+10,3,2
ST656,anaer,59,7,98,6158101,RC-ABX,RC-ABX-INF,RC,ABX,INF,rec-wk1,1.33E+10,3,3
ST655,anaer,59,7,247,6158101,RC-ABX,RC-ABX-INF,RC,ABX,INF,rec-wk1,2.84E+10,3,3
ST1255,anaer,59,7,6500,6183042,RC-ABX,RC-ABX-INF,RC,ABX,INF,recovery,1.98E+11,3,5
ST1256,anaer,59,7,6501,6183042,RC-ABX,RC-ABX-INF,RC,ABX,INF,recovery,7.99E+11,3,5
ST1257,anaer,59,7,6502,6183042,RC-ABX,RC-ABX-INF,RC,ABX,INF,recovery,2.94E+11,3,5
ST1411,anaer,59,7,6512,6183046,RC-ABX,RC-ABX-INF,RC,ABX,INF,recovery,3.89E+11,3,6
ST1412,anaer,59,7,6513,6183046,RC-ABX,RC-ABX-INF,RC,ABX,INF,recovery,1.15E+11,3,6
ST1413,anaer,59,7,6514,6183046,RC-ABX,RC-ABX-INF,RC,ABX,INF,recovery,2.62E+11,3,6
na,anaer,62,10,2187,6151949,RC-ABX,RC-ABX-INF,RC,ABX,INF,rec-wk2,2.53E+10,3,1
na,anaer,62,10,4025,6151949,RC-ABX,RC-ABX-INF,RC,ABX,INF,rec-wk2,2.45E+10,3,1
ST381,anaer,62,10,92,6158105,RC-ABX,RC-ABX-INF,RC,ABX,INF,rec-wk2,5.03E+09,3,2
ST382,anaer,62,10,238,6158105,RC-ABX,RC-ABX-INF,RC,ABX,INF,rec-wk2,1.40E+10,3,2
ST666,anaer,62,10,98,6158101,RC-ABX,RC-ABX-INF,RC,ABX,INF,rec-wk2,8.44E+09,3,3
ST665,anaer,62,10,247,6158101,RC-ABX,RC-ABX-INF,RC,ABX,INF,rec-wk2,4.87E+09,3,3
ST951,anaer,62,10,86,6160718,RC-ABX,RC-ABX-INF,RC,ABX,INF,rec-wk2,7.90E+09,3,4
ST950,anaer,62,10,87,6160718,RC-ABX,RC-ABX-INF,RC,ABX,INF,rec-wk2,1.72E+10,3,4
ST949,anaer,62,10,5001,6160718,RC-ABX,RC-ABX-INF,RC,ABX,INF,rec-wk2,2.43E+10,3,4
ST952,anaer,62,10,5002,6160719,RC-ABX,RC-ABX-INF,RC,ABX,INF,rec-wk2,2.88E+10,3,4
ST953,anaer,62,10,5003,6160719,RC-ABX,RC-ABX-INF,RC,ABX,INF,rec-wk2,9.10E+09,3,4
ST954,anaer,62,10,5004,6160719,RC-ABX,RC-ABX-INF,RC,ABX,INF,rec-wk2,3.66E+10,3,4
ST1267,anaer,62,10,6500,6183042,RC-ABX,RC-ABX-INF,RC,ABX,INF,recovery,1.59E+11,3,5
ST1268,anaer,62,10,6501,6183042,RC-ABX,RC-ABX-INF,RC,ABX,INF,recovery,7.47E+10,3,5
ST1269,anaer,62,10,6502,6183042,RC-ABX,RC-ABX-INF,RC,ABX,INF,recovery,5.89E+10,3,5
ST1423,anaer,62,10,6512,6183046,RC-ABX,RC-ABX-INF,RC,ABX,INF,recovery,2.24E+10,3,6
ST1424,anaer,62,10,6513,6183046,RC-ABX,RC-ABX-INF,RC,ABX,INF,recovery,6.27E+10,3,6
ST1425,anaer,62,10,6514,6183046,RC-ABX,RC-ABX-INF,RC,ABX,INF,recovery,1.14E+11,3,6
ST74,anaer,66,14,2187,6151949,RC-ABX,RC-ABX-INF,RC,ABX,INF,pre-inf,1.28E+10,3,1
ST73,anaer,66,14,4025,6151949,RC-ABX,RC-ABX-INF,RC,ABX,INF,pre-inf,2.04E+10,3,1
ST397,anaer,66,14,92,6158105,RC-ABX,RC-ABX-INF,RC,ABX,INF,pre-inf,4.15E+09,3,2
ST398,anaer,66,14,238,6158105,RC-ABX,RC-ABX-INF,RC,ABX,INF,pre-inf,1.56E+10,3,2
ST682,anaer,66,14,98,6158101,RC-ABX,RC-ABX-INF,RC,ABX,INF,pre-inf,7.99E+10,3,3
ST681,anaer,66,14,247,6158101,RC-ABX,RC-ABX-INF,RC,ABX,INF,pre-inf,8.97E+09,3,3
ST962,anaer,66,14,5001,6160718,RC-ABX,RC-ABX-INF,RC,ABX,INF,pre-inf,1.71E+09,3,4
ST963,anaer,66,14,87,6160718,RC-ABX,RC-ABX-INF,RC,ABX,INF,pre-inf,4.76E+09,3,4
ST964,anaer,66,14,86,6160718,RC-ABX,RC-ABX-INF,RC,ABX,INF,pre-inf,4.03E+09,3,4
ST965,anaer,66,14,5002,6160719,RC-ABX,RC-ABX-INF,RC,ABX,INF,pre-inf,1.48E+09,3,4
ST966,anaer,66,14,5003,6160719,RC-ABX,RC-ABX-INF,RC,ABX,INF,pre-inf,2.85E+09,3,4
ST967,anaer,66,14,5004,6160719,RC-ABX,RC-ABX-INF,RC,ABX,INF,pre-inf,3.92E+09,3,4
ST1279,anaer,66,14,6500,6183042,RC-ABX,RC-ABX-INF,RC,ABX,INF,pre-infection,2.67E+11,3,5
ST1280,anaer,66,14,6501,6183042,RC-ABX,RC-ABX-INF,RC,ABX,INF,pre-infection,3.27E+08,3,5
ST1281,anaer,66,14,6502,6183042,RC-ABX,RC-ABX-INF,RC,ABX,INF,pre-infection,1.86E+11,3,5
ST1435,anaer,66,14,6512,6183046,RC-ABX,RC-ABX-INF,RC,ABX,INF,pre-infection,2.08E+11,3,6
ST1436,anaer,66,14,6513,6183046,RC-ABX,RC-ABX-INF,RC,ABX,INF,pre-infection,2.35E+11,3,6
ST1437,anaer,66,14,6514,6183046,RC-ABX,RC-ABX-INF,RC,ABX,INF,pre-infection,6.93E+10,3,6
ST1447,anaer,66,14.25,6512,6183046,RC-ABX,RC-ABX-INF,RC,ABX,INF,t=6,,3,6
ST1448,anaer,66,14.25,6513,6183046,RC-ABX,RC-ABX-INF,RC,ABX,INF,t=6,,3,6
ST1449,anaer,66,14.25,6514,6183046,RC-ABX,RC-ABX-INF,RC,ABX,INF,t=6,,3,6
ST1459,anaer,66,14.5,6512,6183046,RC-ABX,RC-ABX-INF,RC,ABX,INF,t=12,,3,6
ST1460,anaer,66,14.5,6513,6183046,RC-ABX,RC-ABX-INF,RC,ABX,INF,t=12,,3,6
ST1461,anaer,66,14.5,6514,6183046,RC-ABX,RC-ABX-INF,RC,ABX,INF,t=12,,3,6
ST95,anaer,67,15,2187,6151949,RC-ABX,RC-ABX-INF,RC,ABX,INF,t=24,1.02E+10,3,1
ST96,anaer,67,15,4025,6151949,RC-ABX,RC-ABX-INF,RC,ABX,INF,t=24,9.57E+09,3,1
ST1471,anaer,67,15,6512,6183046,RC-ABX,RC-ABX-INF,RC,ABX,INF,t=24,,3,6
ST1472,anaer,67,15,6513,6183046,RC-ABX,RC-ABX-INF,RC,ABX,INF,t=24,,3,6
ST1473,anaer,67,15,6514,6183046,RC-ABX,RC-ABX-INF,RC,ABX,INF,t=24,,3,6
ST112,anaer,68,16,2187,6151949,RC-ABX,RC-ABX-INF,RC,ABX,INF,t=48,1.03E+10,3,1
ST111,anaer,68,16,4025,6151949,RC-ABX,RC-ABX-INF,RC,ABX,INF,t=48,4.03E+09,3,1
ST461,anaer,68,16,92,6158105,RC-ABX,RC-ABX-INF,RC,ABX,INF,t=48,NA,3,2
ST462,anaer,68,16,238,6158105,RC-ABX,RC-ABX-INF,RC,ABX,INF,t=48,NA,3,2
ST746,anaer,68,16,98,6158101,RC-ABX,RC-ABX-INF,RC,ABX,INF,t=48,NA,3,3
ST745,anaer,68,16,247,6158101,RC-ABX,RC-ABX-INF,RC,ABX,INF,t=48,NA,3,3
ST1483,anaer,68,16,6512,6183046,RC-ABX,RC-ABX-INF,RC,ABX,INF,t=48,,3,6
ST1484,anaer,68,16,6513,6183046,RC-ABX,RC-ABX-INF,RC,ABX,INF,t=48,,3,6
ST1485,anaer,68,16,6514,6183046,RC-ABX,RC-ABX-INF,RC,ABX,INF,t=48,,3,6
ST113,anaer,69,17,2187,6151949,RC-ABX,RC-ABX-INF,RC,ABX,INF,t=72,3.18E+10,3,1
ST1495,anaer,69,17,6512,6183046,RC-ABX,RC-ABX-INF,RC,ABX,INF,t=72,,3,6
ST1496,anaer,69,17,6513,6183046,RC-ABX,RC-ABX-INF,RC,ABX,INF,t=72,,3,6
ST1497,anaer,69,17,6514,6183046,RC-ABX,RC-ABX-INF,RC,ABX,INF,t=72,,3,6
2187,anaer,70,18,2187,6151949,RC-ABX,RC-ABX-INF,RC,ABX,INF,t=96,9.82E+08,3,1
ST19,anaer,49,-3,2186,6151949,RC-ABX,RC-ABX-PBS,RC,ABX,PBS,pre-abx,1.53E+09,3,1
ST20,anaer,49,-3,2190,6151949,RC-ABX,RC-ABX-PBS,RC,ABX,PBS,pre-abx,NA,3,1
ST341,anaer,49,-3,81,6158106,RC-ABX,RC-ABX-PBS,RC,ABX,PBS,pre-abx,2.09E+09,3,2
ST342,anaer,49,-3,NT.C,6158106,RC-ABX,RC-ABX-PBS,RC,ABX,PBS,pre-abx,7.50E+09,3,2
ST621,anaer,49,-3,70,6158102,RC-ABX,RC-ABX-PBS,RC,ABX,PBS,pre-abx,NA,3,3
ST622,anaer,49,-3,71,6158102,RC-ABX,RC-ABX-PBS,RC,ABX,PBS,pre-abx,NA,3,3
ST37,anaer,52,0,2186,6151949,RC-ABX,RC-ABX-PBS,RC,ABX,PBS,post-abx,0.00E+00,3,1
ST38,anaer,52,0,2190,6151949,RC-ABX,RC-ABX-PBS,RC,ABX,PBS,post-abx,0.00E+00,3,1
ST353,anaer,52,0,81,6158106,RC-ABX,RC-ABX-PBS,RC,ABX,PBS,post-abx,NA,3,2
ST354,anaer,52,0,NT.C,6158106,RC-ABX,RC-ABX-PBS,RC,ABX,PBS,post-abx,NA,3,2
ST637,anaer,52,0,70,6158102,RC-ABX,RC-ABX-PBS,RC,ABX,PBS,post-abx,0.00E+00,3,3
ST638,anaer,52,0,71,6158102,RC-ABX,RC-ABX-PBS,RC,ABX,PBS,post-abx,0.00E+00,3,3
na,anaer,56,4,2186,6151949,RC-ABX,RC-ABX-PBS,RC,ABX,PBS,rec-wk1,1.60E+11,3,1
na,anaer,56,4,2190,6151949,RC-ABX,RC-ABX-PBS,RC,ABX,PBS,rec-wk1,1.34E+10,3,1
81,anaer,56,4,81,6158106,RC-ABX,RC-ABX-PBS,RC,ABX,PBS,rec-wk1,1.06E+10,3,2
NT.C,anaer,56,4,NT.C,6158106,RC-ABX,RC-ABX-PBS,RC,ABX,PBS,rec-wk1,1.44E+10,3,2
70,anaer,56,4,70,6158102,RC-ABX,RC-ABX-PBS,RC,ABX,PBS,rec-wk1,2.59E+10,3,3
71,anaer,56,4,71,6158102,RC-ABX,RC-ABX-PBS,RC,ABX,PBS,rec-wk1,8.36E+09,3,3
ST58,anaer,59,7,2186,6151949,RC-ABX,RC-ABX-PBS,RC,ABX,PBS,rec-wk1,8.14E+09,3,1
ST57,anaer,59,7,2190,6151949,RC-ABX,RC-ABX-PBS,RC,ABX,PBS,rec-wk1,1.37E+10,3,1
ST369,anaer,59,7,81,6158106,RC-ABX,RC-ABX-PBS,RC,ABX,PBS,rec-wk1,1.31E+09,3,2
ST370,anaer,59,7,NT.C,6158106,RC-ABX,RC-ABX-PBS,RC,ABX,PBS,rec-wk1,5.89E+09,3,2
ST653,anaer,59,7,70,6158102,RC-ABX,RC-ABX-PBS,RC,ABX,PBS,rec-wk1,3.19E+10,3,3
ST654,anaer,59,7,71,6158102,RC-ABX,RC-ABX-PBS,RC,ABX,PBS,rec-wk1,4.05E+10,3,3
na,anaer,62,10,2186,5893638,RC-ABX,RC-ABX-PBS,RC,ABX,PBS,rec-wk2,2.00E+10,3,1
na,anaer,62,10,2190,5893638,RC-ABX,RC-ABX-PBS,RC,ABX,PBS,rec-wk2,1.99E+10,3,1
ST385,anaer,62,10,81,6158106,RC-ABX,RC-ABX-PBS,RC,ABX,PBS,rec-wk2,1.05E+10,3,2
ST386,anaer,62,10,NT.C,6158106,RC-ABX,RC-ABX-PBS,RC,ABX,PBS,rec-wk2,5.84E+09,3,2
ST669,anaer,62,10,70,6158102,RC-ABX,RC-ABX-PBS,RC,ABX,PBS,rec-wk2,5.17E+09,3,3
ST670,anaer,62,10,71,6158102,RC-ABX,RC-ABX-PBS,RC,ABX,PBS,rec-wk2,3.68E+09,3,3
ST78,anaer,66,14,2186,5893638,RC-ABX,RC-ABX-PBS,RC,ABX,PBS,pre-inf,4.71E+09,3,1
ST77,anaer,66,14,2190,5893638,RC-ABX,RC-ABX-PBS,RC,ABX,PBS,pre-inf,8.62E+09,3,1
ST401,anaer,66,14,81,6158106,RC-ABX,RC-ABX-PBS,RC,ABX,PBS,pre-inf,1.23E+10,3,2
ST402,anaer,66,14,NT.C,6158106,RC-ABX,RC-ABX-PBS,RC,ABX,PBS,pre-inf,1.30E+10,3,2
ST685,anaer,66,14,70,6158102,RC-ABX,RC-ABX-PBS,RC,ABX,PBS,pre-inf,3.49E+09,3,3
ST686,anaer,66,14,71,6158102,RC-ABX,RC-ABX-PBS,RC,ABX,PBS,pre-inf,6.85E+09,3,3
ST87,anaer,67,15,2186,5893638,RC-ABX,RC-ABX-PBS,RC,ABX,PBS,t=24,2.18E+09,3,1
ST88,anaer,67,15,2190,5893638,RC-ABX,RC-ABX-PBS,RC,ABX,PBS,t=24,3.73E+09,3,1
ST104,anaer,68,16,2186,5893638,RC-ABX,RC-ABX-PBS,RC,ABX,PBS,t=48,8.93E+09,3,1
ST103,anaer,68,16,2190,5893638,RC-ABX,RC-ABX-PBS,RC,ABX,PBS,t=48,1.50E+10,3,1
ST465,anaer,68,16,81,6158106,RC-ABX,RC-ABX-PBS,RC,ABX,PBS,t=48,NA,3,2
ST466,anaer,68,16,NT.C,6158106,RC-ABX,RC-ABX-PBS,RC,ABX,PBS,t=48,NA,3,2
ST749,anaer,68,16,70,6158102,RC-ABX,RC-ABX-PBS,RC,ABX,PBS,t=48,NA,3,3
ST750,anaer,68,16,71,6158102,RC-ABX,RC-ABX-PBS,RC,ABX,PBS,t=48,NA,3,3
ST119,anaer,69,17,2190,5893638,RC-ABX,RC-ABX-PBS,RC,ABX,PBS,t=72,3.06E+10,3,1
2190,anaer,70,18,2190,5893638,RC-ABX,RC-ABX-PBS,RC,ABX,PBS,t=96,2.69E+09,3,1
ST21,anaer,49,-3,2188,5893637,RC-PBS,RC-PBS-INF,RC,PBS,INF,pre-abx,8.15E+09,3,1
ST22,anaer,49,-3,2200,5893637,RC-PBS,RC-PBS-INF,RC,PBS,INF,pre-abx,2.84E+09,3,1
ST347,anaer,49,-3,91,5893632,RC-PBS,RC-PBS-INF,RC,PBS,INF,pre-abx,3.75E+09,3,2
ST348,anaer,49,-3,93,5893632,RC-PBS,RC-PBS-INF,RC,PBS,INF,pre-abx,3.28E+09,3,2
ST619,anaer,49,-3,99,6169385,RC-PBS,RC-PBS-INF,RC,PBS,INF,pre-abx,NA,3,3
ST620,anaer,49,-3,100,6169385,RC-PBS,RC-PBS-INF,RC,PBS,INF,pre-abx,NA,3,3
ST1213,anaer,49,-3,6494,6183040,RC-PBS,RC-PBS-INF,RC,PBS,INF,pre-abx,1.13E+11,3,5
ST1214,anaer,49,-3,6495,6183040,RC-PBS,RC-PBS-INF,RC,PBS,INF,pre-abx,1.09E+11,3,5
ST1215,anaer,49,-3,6496,6183040,RC-PBS,RC-PBS-INF,RC,PBS,INF,pre-abx,4.65E+09,3,5
ST1369,anaer,49,-3,6506,6183044,RC-PBS,RC-PBS-INF,RC,PBS,INF,pre-abx,2.75E+10,3,6
ST1370,anaer,49,-3,6507,6183044,RC-PBS,RC-PBS-INF,RC,PBS,INF,pre-abx,2.82E+10,3,6
ST1371,anaer,49,-3,6508,6183044,RC-PBS,RC-PBS-INF,RC,PBS,INF,pre-abx,8.68E+09,3,6
ST33,anaer,52,0,2188,5893637,RC-PBS,RC-PBS-INF,RC,PBS,INF,post-abx,5.64E+09,3,1
ST34,anaer,52,0,2200,5893637,RC-PBS,RC-PBS-INF,RC,PBS,INF,post-abx,8.97E+09,3,1
ST351,anaer,52,0,91,5893632,RC-PBS,RC-PBS-INF,RC,PBS,INF,post-abx,NA,3,2
ST352,anaer,52,0,93,5893632,RC-PBS,RC-PBS-INF,RC,PBS,INF,post-abx,NA,3,2
ST635,anaer,52,0,99,6169385,RC-PBS,RC-PBS-INF,RC,PBS,INF,post-abx,7.45E+09,3,3
ST636,anaer,52,0,100,6169385,RC-PBS,RC-PBS-INF,RC,PBS,INF,post-abx,7.21E+09,3,3
ST1225,anaer,52,0,6494,6183040,RC-PBS,RC-PBS-INF,RC,PBS,INF,post-abx,3.93E+11,3,5
ST1226,anaer,52,0,6495,6183040,RC-PBS,RC-PBS-INF,RC,PBS,INF,post-abx,9.22E+11,3,5
ST1227,anaer,52,0,6496,6183040,RC-PBS,RC-PBS-INF,RC,PBS,INF,post-abx,5.45E+11,3,5
ST1381,anaer,52,0,6506,6183044,RC-PBS,RC-PBS-INF,RC,PBS,INF,post-abx,5.73E+10,3,6
ST1382,anaer,52,0,6507,6183044,RC-PBS,RC-PBS-INF,RC,PBS,INF,post-abx,4.81E+11,3,6
ST1383,anaer,52,0,6508,6183044,RC-PBS,RC-PBS-INF,RC,PBS,INF,post-abx,3.11E+11,3,6
na,anaer,56,4,2188,5893637,RC-PBS,RC-PBS-INF,RC,PBS,INF,rec-wk1,2.19E+09,3,1
na,anaer,56,4,2200,5893637,RC-PBS,RC-PBS-INF,RC,PBS,INF,rec-wk1,2.37E+10,3,1
91,anaer,56,4,91,5893632,RC-PBS,RC-PBS-INF,RC,PBS,INF,rec-wk1,4.78E+09,3,2
93,anaer,56,4,93,5893632,RC-PBS,RC-PBS-INF,RC,PBS,INF,rec-wk1,6.38E+09,3,2
99,anaer,56,4,99,6169385,RC-PBS,RC-PBS-INF,RC,PBS,INF,rec-wk1,1.04E+10,3,3
100,anaer,56,4,100,6169385,RC-PBS,RC-PBS-INF,RC,PBS,INF,rec-wk1,8.86E+09,3,3
ST1237,anaer,56,4,6494,6183040,RC-PBS,RC-PBS-INF,RC,PBS,INF,recovery,1.41E+11,3,5
ST1238,anaer,56,4,6495,6183040,RC-PBS,RC-PBS-INF,RC,PBS,INF,recovery,5.48E+10,3,5
ST1239,anaer,56,4,6496,6183040,RC-PBS,RC-PBS-INF,RC,PBS,INF,recovery,3.10E+11,3,5
ST1393,anaer,56,4,6506,6183044,RC-PBS,RC-PBS-INF,RC,PBS,INF,recovery,3.82E+11,3,6
ST1394,anaer,56,4,6507,6183044,RC-PBS,RC-PBS-INF,RC,PBS,INF,recovery,4.03E+10,3,6
ST1395,anaer,56,4,6508,6183044,RC-PBS,RC-PBS-INF,RC,PBS,INF,recovery,6.73E+11,3,6
ST63,anaer,59,7,2188,5893637,RC-PBS,RC-PBS-INF,RC,PBS,INF,rec-wk1,NA,3,1
ST64,anaer,59,7,2200,5893637,RC-PBS,RC-PBS-INF,RC,PBS,INF,rec-wk1,1.92E+10,3,1
ST367,anaer,59,7,91,5893632,RC-PBS,RC-PBS-INF,RC,PBS,INF,rec-wk1,9.34E+09,3,2
ST368,anaer,59,7,93,5893632,RC-PBS,RC-PBS-INF,RC,PBS,INF,rec-wk1,8.78E+09,3,2
ST661,anaer,59,7,99,6169385,RC-PBS,RC-PBS-INF,RC,PBS,INF,rec-wk1,NA,3,3
ST662,anaer,59,7,100,6169385,RC-PBS,RC-PBS-INF,RC,PBS,INF,rec-wk1,NA,3,3
ST1249,anaer,59,7,6494,6183040,RC-PBS,RC-PBS-INF,RC,PBS,INF,recovery,2.44E+11,3,5
ST1250,anaer,59,7,6495,6183040,RC-PBS,RC-PBS-INF,RC,PBS,INF,recovery,4.09E+10,3,5
ST1251,anaer,59,7,6496,6183040,RC-PBS,RC-PBS-INF,RC,PBS,INF,recovery,2.13E+11,3,5
ST1405,anaer,59,7,6506,6183044,RC-PBS,RC-PBS-INF,RC,PBS,INF,recovery,3.13E+11,3,6
ST1406,anaer,59,7,6507,6183044,RC-PBS,RC-PBS-INF,RC,PBS,INF,recovery,8.86E+11,3,6
ST1407,anaer,59,7,6508,6183044,RC-PBS,RC-PBS-INF,RC,PBS,INF,recovery,9.45E+10,3,6
na,anaer,62,10,2188,6151946,RC-PBS,RC-PBS-INF,RC,PBS,INF,rec-wk2,2.04E+11,3,1
na,anaer,62,10,2200,6151946,RC-PBS,RC-PBS-INF,RC,PBS,INF,rec-wk2,1.55E+11,3,1
ST383,anaer,62,10,91,5893632,RC-PBS,RC-PBS-INF,RC,PBS,INF,rec-wk2,9.09E+09,3,2
ST384,anaer,62,10,93,5893632,RC-PBS,RC-PBS-INF,RC,PBS,INF,rec-wk2,3.11E+09,3,2
ST667,anaer,62,10,99,6169385,RC-PBS,RC-PBS-INF,RC,PBS,INF,rec-wk2,3.16E+09,3,3
ST668,anaer,62,10,100,6169385,RC-PBS,RC-PBS-INF,RC,PBS,INF,rec-wk2,3.58E+09,3,3
ST1261,anaer,62,10,6494,6183040,RC-PBS,RC-PBS-INF,RC,PBS,INF,recovery,7.27E+11,3,5
ST1262,anaer,62,10,6495,6183040,RC-PBS,RC-PBS-INF,RC,PBS,INF,recovery,8.28E+11,3,5
ST1263,anaer,62,10,6496,6183040,RC-PBS,RC-PBS-INF,RC,PBS,INF,recovery,2.96E+10,3,5
ST1417,anaer,62,10,6506,6183044,RC-PBS,RC-PBS-INF,RC,PBS,INF,recovery,1.65E+11,3,6
ST1418,anaer,62,10,6507,6183044,RC-PBS,RC-PBS-INF,RC,PBS,INF,recovery,3.65E+11,3,6
ST1419,anaer,62,10,6508,6183044,RC-PBS,RC-PBS-INF,RC,PBS,INF,recovery,1.89E+11,3,6
ST76,anaer,66,14,2188,6151946,RC-PBS,RC-PBS-INF,RC,PBS,INF,pre-inf,5.96E+10,3,1
ST75,anaer,66,14,2200,6151946,RC-PBS,RC-PBS-INF,RC,PBS,INF,pre-inf,1.82E+10,3,1
ST399,anaer,66,14,91,5893632,RC-PBS,RC-PBS-INF,RC,PBS,INF,pre-inf,4.41E+09,3,2
ST400,anaer,66,14,93,5893632,RC-PBS,RC-PBS-INF,RC,PBS,INF,pre-inf,1.79E+10,3,2
ST683,anaer,66,14,99,6169385,RC-PBS,RC-PBS-INF,RC,PBS,INF,pre-inf,7.08E+09,3,3
ST684,anaer,66,14,100,6169385,RC-PBS,RC-PBS-INF,RC,PBS,INF,pre-inf,4.21E+09,3,3
ST1273,anaer,66,14,6494,6183040,RC-PBS,RC-PBS-INF,RC,PBS,INF,pre-infection,7.74E+10,3,5
ST1274,anaer,66,14,6495,6183040,RC-PBS,RC-PBS-INF,RC,PBS,INF,pre-infection,3.08E+09,3,5
ST1275,anaer,66,14,6496,6183040,RC-PBS,RC-PBS-INF,RC,PBS,INF,pre-infection,8.51E+09,3,5
ST1429,anaer,66,14,6506,6183044,RC-PBS,RC-PBS-INF,RC,PBS,INF,pre-infection,9.68E+10,3,6
ST1430,anaer,66,14,6507,6183044,RC-PBS,RC-PBS-INF,RC,PBS,INF,pre-infection,1.51E+11,3,6
ST1431,anaer,66,14,6508,6183044,RC-PBS,RC-PBS-INF,RC,PBS,INF,pre-infection,1.22E+11,3,6
ST1441,anaer,66,14.25,6506,6183044,RC-PBS,RC-PBS-INF,RC,PBS,INF,t=6,,3,6
ST1442,anaer,66,14.25,6507,6183044,RC-PBS,RC-PBS-INF,RC,PBS,INF,t=6,,3,6
ST1443,anaer,66,14.25,6508,6183044,RC-PBS,RC-PBS-INF,RC,PBS,INF,t=6,,3,6
ST1453,anaer,66,14.5,6506,6183044,RC-PBS,RC-PBS-INF,RC,PBS,INF,t=12,,3,6
ST1454,anaer,66,14.5,6507,6183044,RC-PBS,RC-PBS-INF,RC,PBS,INF,t=12,,3,6
ST1455,anaer,66,14.5,6508,6183044,RC-PBS,RC-PBS-INF,RC,PBS,INF,t=12,,3,6
ST94,anaer,67,15,2188,6151946,RC-PBS,RC-PBS-INF,RC,PBS,INF,t=24,3.84E+09,3,1
ST93,anaer,67,15,2200,6151946,RC-PBS,RC-PBS-INF,RC,PBS,INF,t=24,2.39E+09,3,1
ST1465,anaer,67,15,6506,6183044,RC-PBS,RC-PBS-INF,RC,PBS,INF,t=24,,3,6
ST1466,anaer,67,15,6507,6183044,RC-PBS,RC-PBS-INF,RC,PBS,INF,t=24,,3,6
ST1467,anaer,67,15,6508,6183044,RC-PBS,RC-PBS-INF,RC,PBS,INF,t=24,,3,6
ST109,anaer,68,16,2188,6151946,RC-PBS,RC-PBS-INF,RC,PBS,INF,t=48,1.67E+10,3,1
ST110,anaer,68,16,2200,6151946,RC-PBS,RC-PBS-INF,RC,PBS,INF,t=48,1.02E+10,3,1
ST463,anaer,68,16,91,5893632,RC-PBS,RC-PBS-INF,RC,PBS,INF,t=48,NA,3,2
ST464,anaer,68,16,93,5893632,RC-PBS,RC-PBS-INF,RC,PBS,INF,t=48,NA,3,2
ST747,anaer,68,16,99,6169385,RC-PBS,RC-PBS-INF,RC,PBS,INF,t=48,NA,3,3
99,anaer,68,16,99,6169385,RC-PBS,RC-PBS-INF,RC,PBS,INF,MLN,NA,3,3
99,anaer,68,16,99,6169385,RC-PBS,RC-PBS-INF,RC,PBS,INF,spl,NA,3,3
99,anaer,68,16,99,6169385,RC-PBS,RC-PBS-INF,RC,PBS,INF,liver,NA,3,3
99,anaer,68,16,99,6169385,RC-PBS,RC-PBS-INF,RC,PBS,INF,ile-L,NA,3,3
99,anaer,68,16,99,6169385,RC-PBS,RC-PBS-INF,RC,PBS,INF,cec-L,NA,3,3
99,anaer,68,16,99,6169385,RC-PBS,RC-PBS-INF,RC,PBS,INF,col-L,NA,3,3
ST748,anaer,68,16,100,6169385,RC-PBS,RC-PBS-INF,RC,PBS,INF,t=48,NA,3,3
ST1477,anaer,68,16,6506,6183044,RC-PBS,RC-PBS-INF,RC,PBS,INF,t=48,,3,6
ST1478,anaer,68,16,6507,6183044,RC-PBS,RC-PBS-INF,RC,PBS,INF,t=48,,3,6
ST1479,anaer,68,16,6508,6183044,RC-PBS,RC-PBS-INF,RC,PBS,INF,t=48,,3,6
2188,anaer,69,17,2188,6151946,RC-PBS,RC-PBS-INF,RC,PBS,INF,t=72,1.68E+10,3,1
ST114,anaer,69,17,2200,6151946,RC-PBS,RC-PBS-INF,RC,PBS,INF,t=72,2.60E+10,3,1
ST1489,anaer,69,17,6506,6183044,RC-PBS,RC-PBS-INF,RC,PBS,INF,t=72,,3,6
ST1490,anaer,69,17,6507,6183044,RC-PBS,RC-PBS-INF,RC,PBS,INF,t=72,,3,6
ST1491,anaer,69,17,6508,6183044,RC-PBS,RC-PBS-INF,RC,PBS,INF,t=72,,3,6
2200,anaer,70,18,2200,6151946,RC-PBS,RC-PBS-INF,RC,PBS,INF,t=96,5.25E+09,3,1
ST23,anaer,49,-3,2189,5893638,RC-PBS,RC-PBS-PBS,RC,PBS,PBS,pre-abx,1.10E+09,3,1
ST24,anaer,49,-3,2199,5893638,RC-PBS,RC-PBS-PBS,RC,PBS,PBS,pre-abx,1.03E+09,3,1
ST343,anaer,49,-3,80,5893633,RC-PBS,RC-PBS-PBS,RC,PBS,PBS,pre-abx,2.00E+09,3,2
ST344,anaer,49,-3,NT.D,5893633,RC-PBS,RC-PBS-PBS,RC,PBS,PBS,pre-abx,3.75E+09,3,2
ST624,anaer,49,-3,77,6169386,RC-PBS,RC-PBS-PBS,RC,PBS,PBS,pre-abx,NA,3,3
ST623,anaer,49,-3,NT.E,6169386,RC-PBS,RC-PBS-PBS,RC,PBS,PBS,pre-abx,NA,3,3
ST35,anaer,52,0,2189,5893638,RC-PBS,RC-PBS-PBS,RC,PBS,PBS,post-abx,5.73E+09,3,1
ST36,anaer,52,0,2199,5893638,RC-PBS,RC-PBS-PBS,RC,PBS,PBS,post-abx,1.31E+10,3,1
ST355,anaer,52,0,80,5893633,RC-PBS,RC-PBS-PBS,RC,PBS,PBS,post-abx,NA,3,2
ST356,anaer,52,0,NT.D,5893633,RC-PBS,RC-PBS-PBS,RC,PBS,PBS,post-abx,NA,3,2
ST640,anaer,52,0,77,6169386,RC-PBS,RC-PBS-PBS,RC,PBS,PBS,post-abx,1.37E+10,3,3
ST639,anaer,52,0,NT.E,6169386,RC-PBS,RC-PBS-PBS,RC,PBS,PBS,post-abx,1.14E+10,3,3
na,anaer,56,4,2189,5893638,RC-PBS,RC-PBS-PBS,RC,PBS,PBS,rec-wk1,3.19E+10,3,1
na,anaer,56,4,2199,5893638,RC-PBS,RC-PBS-PBS,RC,PBS,PBS,rec-wk1,5.76E+10,3,1
80,anaer,56,4,80,5893633,RC-PBS,RC-PBS-PBS,RC,PBS,PBS,rec-wk1,4.42E+09,3,2
NT.D,anaer,56,4,NT.D,5893633,RC-PBS,RC-PBS-PBS,RC,PBS,PBS,rec-wk1,6.67E+09,3,2
77,anaer,56,4,77,6169386,RC-PBS,RC-PBS-PBS,RC,PBS,PBS,rec-wk1,3.60E+10,3,3
NT.E,anaer,56,4,NT.E,6169386,RC-PBS,RC-PBS-PBS,RC,PBS,PBS,rec-wk1,2.42E+10,3,3
ST60,anaer,59,7,2189,5893638,RC-PBS,RC-PBS-PBS,RC,PBS,PBS,rec-wk1,5.63E+09,3,1
ST59,anaer,59,7,2199,5893638,RC-PBS,RC-PBS-PBS,RC,PBS,PBS,rec-wk1,5.59E+09,3,1
ST371,anaer,59,7,80,5893633,RC-PBS,RC-PBS-PBS,RC,PBS,PBS,rec-wk1,3.57E+09,3,2
ST372,anaer,59,7,NT.D,5893633,RC-PBS,RC-PBS-PBS,RC,PBS,PBS,rec-wk1,1.41E+10,3,2
ST664,anaer,59,7,77,6169386,RC-PBS,RC-PBS-PBS,RC,PBS,PBS,rec-wk1,3.42E+10,3,3
ST663,anaer,59,7,NT.E,6169386,RC-PBS,RC-PBS-PBS,RC,PBS,PBS,rec-wk1,1.91E+10,3,3
na,anaer,62,10,2189,5893637,RC-PBS,RC-PBS-PBS,RC,PBS,PBS,rec-wk2,NA,3,1
na,anaer,62,10,2199,5893637,RC-PBS,RC-PBS-PBS,RC,PBS,PBS,rec-wk2,2.08E+11,3,1
ST387,anaer,62,10,80,5893633,RC-PBS,RC-PBS-PBS,RC,PBS,PBS,rec-wk2,5.02E+09,3,2
ST388,anaer,62,10,NT.D,5893633,RC-PBS,RC-PBS-PBS,RC,PBS,PBS,rec-wk2,7.43E+09,3,2
ST672,anaer,62,10,77,6169386,RC-PBS,RC-PBS-PBS,RC,PBS,PBS,rec-wk2,5.83E+09,3,3
ST671,anaer,62,10,NT.E,6169386,RC-PBS,RC-PBS-PBS,RC,PBS,PBS,rec-wk2,6.34E+09,3,3
ST80,anaer,66,14,2189,5893637,RC-PBS,RC-PBS-PBS,RC,PBS,PBS,pre-inf,1.73E+10,3,1
ST79,anaer,66,14,2199,5893637,RC-PBS,RC-PBS-PBS,RC,PBS,PBS,pre-inf,3.40E+10,3,1
ST403,anaer,66,14,80,5893633,RC-PBS,RC-PBS-PBS,RC,PBS,PBS,pre-inf,4.10E+09,3,2
ST404,anaer,66,14,NT.D,5893633,RC-PBS,RC-PBS-PBS,RC,PBS,PBS,pre-inf,1.12E+10,3,2
ST688,anaer,66,14,77,6169386,RC-PBS,RC-PBS-PBS,RC,PBS,PBS,pre-inf,1.22E+10,3,3
ST687,anaer,66,14,NT.E,6169386,RC-PBS,RC-PBS-PBS,RC,PBS,PBS,pre-inf,1.21E+10,3,3
ST86,anaer,67,15,2189,5893637,RC-PBS,RC-PBS-PBS,RC,PBS,PBS,t=24,6.86E+08,3,1
ST85,anaer,67,15,2199,5893637,RC-PBS,RC-PBS-PBS,RC,PBS,PBS,t=24,2.41E+09,3,1
ST105,anaer,68,16,2189,5893637,RC-PBS,RC-PBS-PBS,RC,PBS,PBS,t=48,1.26E+10,3,1
ST106,anaer,68,16,2199,5893637,RC-PBS,RC-PBS-PBS,RC,PBS,PBS,t=48,2.31E+10,3,1
ST467,anaer,68,16,80,5893633,RC-PBS,RC-PBS-PBS,RC,PBS,PBS,t=48,NA,3,2
ST468,anaer,68,16,NT.D,5893633,RC-PBS,RC-PBS-PBS,RC,PBS,PBS,t=48,NA,3,2
ST752,anaer,68,16,77,6169386,RC-PBS,RC-PBS-PBS,RC,PBS,PBS,t=48,NA,3,3
ST751,anaer,68,16,NT.E,6169386,RC-PBS,RC-PBS-PBS,RC,PBS,PBS,t=48,NA,3,3
ST116,anaer,69,17,2189,5893637,RC-PBS,RC-PBS-PBS,RC,PBS,PBS,t=72,4.14E+10,3,1
2199,anaer,69,17,2199,5893637,RC-PBS,RC-PBS-PBS,RC,PBS,PBS,t=72,1.18E+10,3,1
2189,anaer,70,18,2189,5893637,RC-PBS,RC-PBS-PBS,RC,PBS,PBS,t=96,7.87E+08,3,1
ST25,anaer,49,-3,2194,6151947,WD-ABX,WD-ABX-INF,WD,ABX,INF,pre-abx,1.63E+09,3,1
ST26,anaer,49,-3,2198,6151947,WD-ABX,WD-ABX-INF,WD,ABX,INF,pre-abx,2.34E+09,3,1
ST339,anaer,49,-3,88,6158107,WD-ABX,WD-ABX-INF,WD,ABX,INF,pre-abx,1.63E+09,3,2
ST340,anaer,49,-3,89,6158107,WD-ABX,WD-ABX-INF,WD,ABX,INF,pre-abx,6.25E+09,3,2
ST626,anaer,49,-3,94,6158103,WD-ABX,WD-ABX-INF,WD,ABX,INF,pre-abx,NA,3,3
ST625,anaer,49,-3,95,6158103,WD-ABX,WD-ABX-INF,WD,ABX,INF,pre-abx,NA,3,3
ST920,anaer,49,-3,5007,6160720,WD-ABX,WD-ABX-INF,WD,ABX,INF,pre-abx,7.72E+09,3,4
ST922,anaer,49,-3,5008,6160721,WD-ABX,WD-ABX-INF,WD,ABX,INF,pre-abx,5.74E+10,3,4
ST923,anaer,49,-3,5009,6160721,WD-ABX,WD-ABX-INF,WD,ABX,INF,pre-abx,1.95E+10,3,4
ST924,anaer,49,-3,5010,6160721,WD-ABX,WD-ABX-INF,WD,ABX,INF,pre-abx,5.44E+09,3,4
ST919,anaer,49,-3,NT,6160720,WD-ABX,WD-ABX-INF,WD,ABX,INF,pre-abx,3.61E+10,3,4
ST921,anaer,49,-3,NT.2,6160720,WD-ABX,WD-ABX-INF,WD,ABX,INF,pre-abx,6.77E+10,3,4
ST1222,anaer,49,-3,6503,6183043,WD-ABX,WD-ABX-INF,WD,ABX,INF,pre-abx,1.19E+09,3,5
ST1223,anaer,49,-3,6504,6183043,WD-ABX,WD-ABX-INF,WD,ABX,INF,pre-abx,2.08E+10,3,5
ST1224,anaer,49,-3,6505,6183043,WD-ABX,WD-ABX-INF,WD,ABX,INF,pre-abx,2.97E+09,3,5
ST1378,anaer,49,-3,6515,6183047,WD-ABX,WD-ABX-INF,WD,ABX,INF,pre-abx,9.39E+09,3,6
ST1379,anaer,49,-3,6516,6183047,WD-ABX,WD-ABX-INF,WD,ABX,INF,pre-abx,1.06E+11,3,6
ST1380,anaer,49,-3,6517,6183047,WD-ABX,WD-ABX-INF,WD,ABX,INF,pre-abx,1.70E+11,3,6
ST43,anaer,52,0,2194,6151947,WD-ABX,WD-ABX-INF,WD,ABX,INF,post-abx,0.00E+00,3,1
ST44,anaer,52,0,2198,6151947,WD-ABX,WD-ABX-INF,WD,ABX,INF,post-abx,0.00E+00,3,1
ST357,anaer,52,0,88,6158107,WD-ABX,WD-ABX-INF,WD,ABX,INF,post-abx,0,3,2
ST358,anaer,52,0,89,6158107,WD-ABX,WD-ABX-INF,WD,ABX,INF,post-abx,0,3,2
ST642,anaer,52,0,94,6158103,WD-ABX,WD-ABX-INF,WD,ABX,INF,post-abx,0.00E+00,3,3
ST641,anaer,52,0,95,6158103,WD-ABX,WD-ABX-INF,WD,ABX,INF,post-abx,0.00E+00,3,3
ST932,anaer,52,0,5007,6160720,WD-ABX,WD-ABX-INF,WD,ABX,INF,post-abx,0,3,4
ST934,anaer,52,0,5008,6160721,WD-ABX,WD-ABX-INF,WD,ABX,INF,post-abx,0,3,4
ST935,anaer,52,0,5009,6160721,WD-ABX,WD-ABX-INF,WD,ABX,INF,post-abx,0,3,4
ST936,anaer,52,0,5010,6160721,WD-ABX,WD-ABX-INF,WD,ABX,INF,post-abx,0,3,4
ST931,anaer,52,0,NT,6160720,WD-ABX,WD-ABX-INF,WD,ABX,INF,post-abx,0,3,4
ST933,anaer,52,0,NT.2,6160720,WD-ABX,WD-ABX-INF,WD,ABX,INF,post-abx,0,3,4
ST1234,anaer,52,0,6503,6183043,WD-ABX,WD-ABX-INF,WD,ABX,INF,post-abx,10504202,3,5
ST1235,anaer,52,0,6504,6183043,WD-ABX,WD-ABX-INF,WD,ABX,INF,post-abx,3205128,3,5
ST1236,anaer,52,0,6505,6183043,WD-ABX,WD-ABX-INF,WD,ABX,INF,post-abx,3814103,3,5
ST1390,anaer,52,0,6515,6183047,WD-ABX,WD-ABX-INF,WD,ABX,INF,post-abx,3765690,3,6
ST1391,anaer,52,0,6516,6183047,WD-ABX,WD-ABX-INF,WD,ABX,INF,post-abx,2083333,3,6
ST1392,anaer,52,0,6517,6183047,WD-ABX,WD-ABX-INF,WD,ABX,INF,post-abx,1272455,3,6
na,anaer,56,4,2194,6151947,WD-ABX,WD-ABX-INF,WD,ABX,INF,rec-wk1,0.00E+00,3,1
na,anaer,56,4,2198,6151947,WD-ABX,WD-ABX-INF,WD,ABX,INF,rec-wk1,0.00E+00,3,1
88,anaer,56,4,88,6158107,WD-ABX,WD-ABX-INF,WD,ABX,INF,rec-wk1,0.00E+00,3,2
89,anaer,56,4,89,6158107,WD-ABX,WD-ABX-INF,WD,ABX,INF,rec-wk1,0.00E+00,3,2
94,anaer,56,4,94,6158103,WD-ABX,WD-ABX-INF,WD,ABX,INF,rec-wk1,0.00E+00,3,3
95,anaer,56,4,95,6158103,WD-ABX,WD-ABX-INF,WD,ABX,INF,rec-wk1,0.00E+00,3,3
ST944,anaer,56,4,5007,6160720,WD-ABX,WD-ABX-INF,WD,ABX,INF,rec-wk1,1.76E+05,3,4
ST946,anaer,56,4,5008,6160721,WD-ABX,WD-ABX-INF,WD,ABX,INF,rec-wk1,0.00E+00,3,4
ST947,anaer,56,4,5009,6160721,WD-ABX,WD-ABX-INF,WD,ABX,INF,rec-wk1,2.02E+05,3,4
ST948,anaer,56,4,5010,6160721,WD-ABX,WD-ABX-INF,WD,ABX,INF,rec-wk1,0.00E+00,3,4
ST943,anaer,56,4,NT,6160720,WD-ABX,WD-ABX-INF,WD,ABX,INF,rec-wk1,0.00E+00,3,4
ST945,anaer,56,4,NT.2,6160720,WD-ABX,WD-ABX-INF,WD,ABX,INF,rec-wk1,1.79E+05,3,4
ST1246,anaer,56,4,6503,6183043,WD-ABX,WD-ABX-INF,WD,ABX,INF,recovery,1.26E+08,3,5
ST1247,anaer,56,4,6504,6183043,WD-ABX,WD-ABX-INF,WD,ABX,INF,recovery,5.46E+08,3,5
ST1248,anaer,56,4,6505,6183043,WD-ABX,WD-ABX-INF,WD,ABX,INF,recovery,2.32E+08,3,5
ST1402,anaer,56,4,6515,6183047,WD-ABX,WD-ABX-INF,WD,ABX,INF,recovery,104166.7,3,6
ST1403,anaer,56,4,6516,6183047,WD-ABX,WD-ABX-INF,WD,ABX,INF,recovery,39166667,3,6
ST1404,anaer,56,4,6517,6183047,WD-ABX,WD-ABX-INF,WD,ABX,INF,recovery,11160.71,3,6
ST49,anaer,59,7,2194,6151947,WD-ABX,WD-ABX-INF,WD,ABX,INF,rec-wk1,0.00E+00,3,1
ST50,anaer,59,7,2198,6151947,WD-ABX,WD-ABX-INF,WD,ABX,INF,rec-wk1,NA,3,1
ST373,anaer,59,7,88,6158107,WD-ABX,WD-ABX-INF,WD,ABX,INF,rec-wk1,0,3,2
ST374,anaer,59,7,89,6158107,WD-ABX,WD-ABX-INF,WD,ABX,INF,rec-wk1,9.72E+07,3,2
ST649,anaer,59,7,94,6158103,WD-ABX,WD-ABX-INF,WD,ABX,INF,rec-wk1,1.34E+10,3,3
ST650,anaer,59,7,95,6158103,WD-ABX,WD-ABX-INF,WD,ABX,INF,rec-wk1,1.08E+11,3,3
ST1258,anaer,59,7,6503,6183043,WD-ABX,WD-ABX-INF,WD,ABX,INF,recovery,11846405,3,5
ST1259,anaer,59,7,6504,6183043,WD-ABX,WD-ABX-INF,WD,ABX,INF,recovery,19761029,3,5
ST1260,anaer,59,7,6505,6183043,WD-ABX,WD-ABX-INF,WD,ABX,INF,recovery,41211293,3,5
ST1414,anaer,59,7,6515,6183047,WD-ABX,WD-ABX-INF,WD,ABX,INF,recovery,1009615,3,6
ST1415,anaer,59,7,6516,6183047,WD-ABX,WD-ABX-INF,WD,ABX,INF,recovery,181924.9,3,6
ST1416,anaer,59,7,6517,6183047,WD-ABX,WD-ABX-INF,WD,ABX,INF,recovery,246913.6,3,6
na,anaer,62,10,2194,6151947,WD-ABX,WD-ABX-INF,WD,ABX,INF,rec-wk2,2.77E+09,3,1
na,anaer,62,10,2198,6151947,WD-ABX,WD-ABX-INF,WD,ABX,INF,rec-wk2,8.45E+09,3,1
ST389,anaer,62,10,88,6158107,WD-ABX,WD-ABX-INF,WD,ABX,INF,rec-wk2,1.06E+10,3,2
ST390,anaer,62,10,89,6158107,WD-ABX,WD-ABX-INF,WD,ABX,INF,rec-wk2,1.96E+10,3,2
ST674,anaer,62,10,94,6158103,WD-ABX,WD-ABX-INF,WD,ABX,INF,rec-wk2,2.56E+10,3,3
ST673,anaer,62,10,95,6158103,WD-ABX,WD-ABX-INF,WD,ABX,INF,rec-wk2,1.46E+10,3,3
ST956,anaer,62,10,5007,6160720,WD-ABX,WD-ABX-INF,WD,ABX,INF,rec-wk2,1.83E+09,3,4
ST958,anaer,62,10,5008,6160721,WD-ABX,WD-ABX-INF,WD,ABX,INF,rec-wk2,3.14E+09,3,4
ST959,anaer,62,10,5009,6160721,WD-ABX,WD-ABX-INF,WD,ABX,INF,rec-wk2,3.40E+09,3,4
ST960,anaer,62,10,5010,6160721,WD-ABX,WD-ABX-INF,WD,ABX,INF,rec-wk2,5.80E+08,3,4
ST955,anaer,62,10,NT,6160720,WD-ABX,WD-ABX-INF,WD,ABX,INF,rec-wk2,3.53E+09,3,4
ST957,anaer,62,10,NT.2,6160720,WD-ABX,WD-ABX-INF,WD,ABX,INF,rec-wk2,1.54E+09,3,4
ST1270,anaer,62,10,6503,6183043,WD-ABX,WD-ABX-INF,WD,ABX,INF,recovery,2.54E+10,3,5
ST1271,anaer,62,10,6504,6183043,WD-ABX,WD-ABX-INF,WD,ABX,INF,recovery,7.80E+08,3,5
ST1272,anaer,62,10,6505,6183043,WD-ABX,WD-ABX-INF,WD,ABX,INF,recovery,588054.2,3,5
ST1426,anaer,62,10,6515,6183047,WD-ABX,WD-ABX-INF,WD,ABX,INF,recovery,2.01E+11,3,6
ST1427,anaer,62,10,6516,6183047,WD-ABX,WD-ABX-INF,WD,ABX,INF,recovery,8.18E+10,3,6
ST1428,anaer,62,10,6517,6183047,WD-ABX,WD-ABX-INF,WD,ABX,INF,recovery,8.00E+10,3,6
ST65,anaer,66,14,2194,6151947,WD-ABX,WD-ABX-INF,WD,ABX,INF,pre-inf,1.44E+11,3,1
ST66,anaer,66,14,2198,6151947,WD-ABX,WD-ABX-INF,WD,ABX,INF,pre-inf,8.93E+09,3,1
ST405,anaer,66,14,88,6158107,WD-ABX,WD-ABX-INF,WD,ABX,INF,pre-inf,2.46E+10,3,2
ST406,anaer,66,14,89,6158107,WD-ABX,WD-ABX-INF,WD,ABX,INF,pre-inf,1.40E+10,3,2
ST690,anaer,66,14,94,6158103,WD-ABX,WD-ABX-INF,WD,ABX,INF,pre-inf,7.58E+10,3,3
ST689,anaer,66,14,95,6158103,WD-ABX,WD-ABX-INF,WD,ABX,INF,pre-inf,3.93E+10,3,3
ST968,anaer,66,14,NT,6160720,WD-ABX,WD-ABX-INF,WD,ABX,INF,pre-inf,3.18E+09,3,4
ST969,anaer,66,14,5007,6160720,WD-ABX,WD-ABX-INF,WD,ABX,INF,pre-inf,2.22E+09,3,4
ST970,anaer,66,14,NT.2,6160720,WD-ABX,WD-ABX-INF,WD,ABX,INF,pre-inf,6.48E+09,3,4
ST971,anaer,66,14,5008,6160721,WD-ABX,WD-ABX-INF,WD,ABX,INF,pre-inf,2.85E+09,3,4
ST972,anaer,66,14,5009,6160721,WD-ABX,WD-ABX-INF,WD,ABX,INF,pre-inf,7.00E+09,3,4
ST973,anaer,66,14,5010,6160721,WD-ABX,WD-ABX-INF,WD,ABX,INF,pre-inf,1.30E+09,3,4
ST1282,anaer,66,14,6503,6183043,WD-ABX,WD-ABX-INF,WD,ABX,INF,pre-infection,3.73E+11,3,5
ST1283,anaer,66,14,6504,6183043,WD-ABX,WD-ABX-INF,WD,ABX,INF,pre-infection,1.34E+11,3,5
ST1284,anaer,66,14,6505,6183043,WD-ABX,WD-ABX-INF,WD,ABX,INF,pre-infection,1.31E+11,3,5
ST1438,anaer,66,14,6515,6183047,WD-ABX,WD-ABX-INF,WD,ABX,INF,pre-infection,1.04E+12,3,6
ST1439,anaer,66,14,6516,6183047,WD-ABX,WD-ABX-INF,WD,ABX,INF,pre-infection,4.99E+11,3,6
ST1440,anaer,66,14,6517,6183047,WD-ABX,WD-ABX-INF,WD,ABX,INF,pre-infection,4.14E+11,3,6
ST1450,anaer,66,14.25,6515,6183047,WD-ABX,WD-ABX-INF,WD,ABX,INF,t=6,,3,6
ST1451,anaer,66,14.25,6516,6183047,WD-ABX,WD-ABX-INF,WD,ABX,INF,t=6,,3,6
ST1452,anaer,66,14.25,6517,6183047,WD-ABX,WD-ABX-INF,WD,ABX,INF,t=6,,3,6
ST1462,anaer,66,14.5,6515,6183047,WD-ABX,WD-ABX-INF,WD,ABX,INF,t=12,,3,6
ST1463,anaer,66,14.5,6516,6183047,WD-ABX,WD-ABX-INF,WD,ABX,INF,t=12,,3,6
ST1464,anaer,66,14.5,6517,6183047,WD-ABX,WD-ABX-INF,WD,ABX,INF,t=12,,3,6
ST90,anaer,67,15,2198,6151947,WD-ABX,WD-ABX-INF,WD,ABX,INF,t=24,8.42E+09,3,1
ST1474,anaer,67,15,6515,6183047,WD-ABX,WD-ABX-INF,WD,ABX,INF,t=24,,3,6
ST1475,anaer,67,15,6516,6183047,WD-ABX,WD-ABX-INF,WD,ABX,INF,t=24,,3,6
ST1476,anaer,67,15,6517,6183047,WD-ABX,WD-ABX-INF,WD,ABX,INF,t=24,,3,6
ST100,anaer,68,16,2194,6151947,WD-ABX,WD-ABX-INF,WD,ABX,INF,t=48,6.94E+09,3,1
ST99,anaer,68,16,2198,6151947,WD-ABX,WD-ABX-INF,WD,ABX,INF,t=48,1.14E+10,3,1
ST469,anaer,68,16,88,6158107,WD-ABX,WD-ABX-INF,WD,ABX,INF,t=48,NA,3,2
ST470,anaer,68,16,89,6158107,WD-ABX,WD-ABX-INF,WD,ABX,INF,t=48,NA,3,2
ST754,anaer,68,16,94,6158103,WD-ABX,WD-ABX-INF,WD,ABX,INF,t=48,NA,3,3
ST753,anaer,68,16,95,6158103,WD-ABX,WD-ABX-INF,WD,ABX,INF,t=48,NA,3,3
ST1486,anaer,68,16,6515,6183047,WD-ABX,WD-ABX-INF,WD,ABX,INF,t=48,,3,6
ST1487,anaer,68,16,6516,6183047,WD-ABX,WD-ABX-INF,WD,ABX,INF,t=48,,3,6
ST1488,anaer,68,16,6517,6183047,WD-ABX,WD-ABX-INF,WD,ABX,INF,t=48,,3,6
2194,anaer,69,17,2194,6151947,WD-ABX,WD-ABX-INF,WD,ABX,INF,t=72,1.25E+11,3,1
ST118,anaer,69,17,2198,6151947,WD-ABX,WD-ABX-INF,WD,ABX,INF,t=72,4.63E+10,3,1
ST1498,anaer,69,17,6515,6183047,WD-ABX,WD-ABX-INF,WD,ABX,INF,t=72,,3,6
ST1499,anaer,69,17,6516,6183047,WD-ABX,WD-ABX-INF,WD,ABX,INF,t=72,,3,6
ST1500,anaer,69,17,6517,6183047,WD-ABX,WD-ABX-INF,WD,ABX,INF,t=72,,3,6
2198,anaer,70,18,2198,6151947,WD-ABX,WD-ABX-INF,WD,ABX,INF,t=96,2.54E+09,3,1
ST27,anaer,49,-3,2193,6151948,WD-ABX,WD-ABX-PBS,WD,ABX,PBS,pre-abx,1.71E+09,3,1
ST28,anaer,49,-3,2195,6151948,WD-ABX,WD-ABX-PBS,WD,ABX,PBS,pre-abx,4.58E+09,3,1
ST333,anaer,49,-3,82,5893635,WD-ABX,WD-ABX-PBS,WD,ABX,PBS,pre-abx,7.19E+09,3,2
ST334,anaer,49,-3,NT.A,5893635,WD-ABX,WD-ABX-PBS,WD,ABX,PBS,pre-abx,1.53E+10,3,2
ST629,anaer,49,-3,9,6158104,WD-ABX,WD-ABX-PBS,WD,ABX,PBS,pre-abx,NA,3,3
ST630,anaer,49,-3,NT.G,6158104,WD-ABX,WD-ABX-PBS,WD,ABX,PBS,pre-abx,NA,3,3
ST42,anaer,52,0,2193,6151948,WD-ABX,WD-ABX-PBS,WD,ABX,PBS,post-abx,0.00E+00,3,1
ST41,anaer,52,0,2195,6151948,WD-ABX,WD-ABX-PBS,WD,ABX,PBS,post-abx,NA,3,1
ST363,anaer,52,0,82,5893635,WD-ABX,WD-ABX-PBS,WD,ABX,PBS,post-abx,0,3,2
ST364,anaer,52,0,NT.A,5893635,WD-ABX,WD-ABX-PBS,WD,ABX,PBS,post-abx,0,3,2
ST645,anaer,52,0,9,6158104,WD-ABX,WD-ABX-PBS,WD,ABX,PBS,post-abx,0.00E+00,3,3
ST646,anaer,52,0,NT.G,6158104,WD-ABX,WD-ABX-PBS,WD,ABX,PBS,post-abx,0.00E+00,3,3
na,anaer,56,4,2193,6151948,WD-ABX,WD-ABX-PBS,WD,ABX,PBS,rec-wk1,0.00E+00,3,1
na,anaer,56,4,2195,6151948,WD-ABX,WD-ABX-PBS,WD,ABX,PBS,rec-wk1,0.00E+00,3,1
82,anaer,56,4,82,5893635,WD-ABX,WD-ABX-PBS,WD,ABX,PBS,rec-wk1,0.00E+00,3,2
NT.A,anaer,56,4,NT.A,5893635,WD-ABX,WD-ABX-PBS,WD,ABX,PBS,rec-wk1,0.00E+00,3,2
9,anaer,56,4,9,6158104,WD-ABX,WD-ABX-PBS,WD,ABX,PBS,rec-wk1,0.00E+00,3,3
NT.G,anaer,56,4,NT.G,6158104,WD-ABX,WD-ABX-PBS,WD,ABX,PBS,rec-wk1,0.00E+00,3,3
ST51,anaer,59,7,2193,6151948,WD-ABX,WD-ABX-PBS,WD,ABX,PBS,rec-wk1,0.00E+00,3,1
ST52,anaer,59,7,2195,6151948,WD-ABX,WD-ABX-PBS,WD,ABX,PBS,rec-wk1,0.00E+00,3,1
ST379,anaer,59,7,82,5893635,WD-ABX,WD-ABX-PBS,WD,ABX,PBS,rec-wk1,0.00E+00,3,2
ST380,anaer,59,7,NT.A,5893635,WD-ABX,WD-ABX-PBS,WD,ABX,PBS,rec-wk1,0.00E+00,3,2
ST652,anaer,59,7,9,6158104,WD-ABX,WD-ABX-PBS,WD,ABX,PBS,rec-wk1,2.40E+10,3,3
ST651,anaer,59,7,NT.G,6158104,WD-ABX,WD-ABX-PBS,WD,ABX,PBS,rec-wk1,8.46E+09,3,3
na,anaer,62,10,2193,6151948,WD-ABX,WD-ABX-PBS,WD,ABX,PBS,rec-wk2,4.59E+10,3,1
na,anaer,62,10,2195,6151948,WD-ABX,WD-ABX-PBS,WD,ABX,PBS,rec-wk2,6.54E+09,3,1
ST395,anaer,62,10,82,5893635,WD-ABX,WD-ABX-PBS,WD,ABX,PBS,rec-wk2,0.00E+00,3,2
ST396,anaer,62,10,NT.A,5893635,WD-ABX,WD-ABX-PBS,WD,ABX,PBS,rec-wk2,0.00E+00,3,2
ST677,anaer,62,10,9,6158104,WD-ABX,WD-ABX-PBS,WD,ABX,PBS,rec-wk2,1.36E+10,3,3
ST678,anaer,62,10,NT.G,6158104,WD-ABX,WD-ABX-PBS,WD,ABX,PBS,rec-wk2,4.53E+10,3,3
ST69,anaer,66,14,2193,6151948,WD-ABX,WD-ABX-PBS,WD,ABX,PBS,pre-inf,1.64E+10,3,1
ST70,anaer,66,14,2195,6151948,WD-ABX,WD-ABX-PBS,WD,ABX,PBS,pre-inf,2.26E+10,3,1
ST411,anaer,66,14,82,5893635,WD-ABX,WD-ABX-PBS,WD,ABX,PBS,pre-inf,7.95E+07,3,2
ST412,anaer,66,14,NT.A,5893635,WD-ABX,WD-ABX-PBS,WD,ABX,PBS,pre-inf,1.00E+08,3,2
ST693,anaer,66,14,9,6158104,WD-ABX,WD-ABX-PBS,WD,ABX,PBS,pre-inf,1.08E+11,3,3
ST694,anaer,66,14,NT.G,6158104,WD-ABX,WD-ABX-PBS,WD,ABX,PBS,pre-inf,2.58E+10,3,3
ST83,anaer,67,15,2193,6151948,WD-ABX,WD-ABX-PBS,WD,ABX,PBS,t=24,8.42E+09,3,1
ST84,anaer,67,15,2195,6151948,WD-ABX,WD-ABX-PBS,WD,ABX,PBS,t=24,1.56E+10,3,1
ST459,anaer,67,15,82,5893635,WD-ABX,WD-ABX-PBS,WD,ABX,PBS,t=24,NA,3,2
ST460,anaer,67,15,NT.A,5893635,WD-ABX,WD-ABX-PBS,WD,ABX,PBS,t=24,NA,3,2
ST741,anaer,67,15,9,6158104,WD-ABX,WD-ABX-PBS,WD,ABX,PBS,t=24,NA,3,3
ST742,anaer,67,15,NT.G,6158104,WD-ABX,WD-ABX-PBS,WD,ABX,PBS,t=24,NA,3,3
ST102,anaer,68,16,2193,6151948,WD-ABX,WD-ABX-PBS,WD,ABX,PBS,t=48,4.94E+10,3,1
ST101,anaer,68,16,2195,6151948,WD-ABX,WD-ABX-PBS,WD,ABX,PBS,t=48,1.85E+11,3,1
ST475,anaer,68,16,82,5893635,WD-ABX,WD-ABX-PBS,WD,ABX,PBS,t=48,NA,3,2
ST476,anaer,68,16,NT.A,5893635,WD-ABX,WD-ABX-PBS,WD,ABX,PBS,t=48,NA,3,2
ST757,anaer,68,16,9,6158104,WD-ABX,WD-ABX-PBS,WD,ABX,PBS,t=48,NA,3,3
ST758,anaer,68,16,NT.G,6158104,WD-ABX,WD-ABX-PBS,WD,ABX,PBS,t=48,NA,3,3
ST117,anaer,69,17,2195,6151948,WD-ABX,WD-ABX-PBS,WD,ABX,PBS,t=72,5.06E+10,3,1
2195,anaer,70,18,2195,6151948,WD-ABX,WD-ABX-PBS,WD,ABX,PBS,t=96,8.28E+09,3,1
ST31,anaer,49,-3,2192,5893640,WD-PBS,WD-PBS-INF,WD,PBS,INF,pre-abx,2.34E+09,3,1
ST32,anaer,49,-3,2196,5893640,WD-PBS,WD-PBS-INF,WD,PBS,INF,pre-abx,NA,3,1
ST338,anaer,49,-3,90,5893634,WD-PBS,WD-PBS-INF,WD,PBS,INF,pre-abx,6.25E+09,3,2
ST337,anaer,49,-3,NT.B,5893634,WD-PBS,WD-PBS-INF,WD,PBS,INF,pre-abx,4.66E+09,3,2
ST628,anaer,49,-3,97,6169387,WD-PBS,WD-PBS-INF,WD,PBS,INF,pre-abx,NA,3,3
ST627,anaer,49,-3,NT.F,6169387,WD-PBS,WD-PBS-INF,WD,PBS,INF,pre-abx,NA,3,3
ST1216,anaer,49,-3,6497,6183041,WD-PBS,WD-PBS-INF,WD,PBS,INF,pre-abx,8.62E+10,3,5
ST1217,anaer,49,-3,6498,6183041,WD-PBS,WD-PBS-INF,WD,PBS,INF,pre-abx,4.80E+10,3,5
ST1218,anaer,49,-3,6499,6183041,WD-PBS,WD-PBS-INF,WD,PBS,INF,pre-abx,7.17E+11,3,5
ST1372,anaer,49,-3,6509,6183045,WD-PBS,WD-PBS-INF,WD,PBS,INF,pre-abx,9.54E+09,3,6
ST1373,anaer,49,-3,6510,6183045,WD-PBS,WD-PBS-INF,WD,PBS,INF,pre-abx,6.08E+10,3,6
ST1374,anaer,49,-3,6511,6183045,WD-PBS,WD-PBS-INF,WD,PBS,INF,pre-abx,5.35E+09,3,6
ST47,anaer,52,0,2192,5893640,WD-PBS,WD-PBS-INF,WD,PBS,INF,post-abx,2.50E+09,3,1
ST48,anaer,52,0,2196,5893640,WD-PBS,WD-PBS-INF,WD,PBS,INF,post-abx,6.52E+09,3,1
ST360,anaer,52,0,90,5893634,WD-PBS,WD-PBS-INF,WD,PBS,INF,post-abx,NA,3,2
ST359,anaer,52,0,NT.B,5893634,WD-PBS,WD-PBS-INF,WD,PBS,INF,post-abx,NA,3,2
ST644,anaer,52,0,97,6169387,WD-PBS,WD-PBS-INF,WD,PBS,INF,post-abx,1.09E+09,3,3
ST643,anaer,52,0,NT.F,6169387,WD-PBS,WD-PBS-INF,WD,PBS,INF,post-abx,2.02E+09,3,3
ST1228,anaer,52,0,6497,6183041,WD-PBS,WD-PBS-INF,WD,PBS,INF,post-abx,5.96E+11,3,5
ST1229,anaer,52,0,6498,6183041,WD-PBS,WD-PBS-INF,WD,PBS,INF,post-abx,5.57E+10,3,5
ST1230,anaer,52,0,6499,6183041,WD-PBS,WD-PBS-INF,WD,PBS,INF,post-abx,6.46E+11,3,5
ST1384,anaer,52,0,6509,6183045,WD-PBS,WD-PBS-INF,WD,PBS,INF,post-abx,2.61E+11,3,6
ST1385,anaer,52,0,6510,6183045,WD-PBS,WD-PBS-INF,WD,PBS,INF,post-abx,1.23E+12,3,6
ST1386,anaer,52,0,6511,6183045,WD-PBS,WD-PBS-INF,WD,PBS,INF,post-abx,7.28E+11,3,6
na,anaer,56,4,2192,5893640,WD-PBS,WD-PBS-INF,WD,PBS,INF,rec-wk1,3.28E+10,3,1
na,anaer,56,4,2196,5893640,WD-PBS,WD-PBS-INF,WD,PBS,INF,rec-wk1,1.04E+10,3,1
90,anaer,56,4,90,5893634,WD-PBS,WD-PBS-INF,WD,PBS,INF,rec-wk1,4.99E+09,3,2
NT.B,anaer,56,4,NT.B,5893634,WD-PBS,WD-PBS-INF,WD,PBS,INF,rec-wk1,6.30E+09,3,2
97,anaer,56,4,97,6169387,WD-PBS,WD-PBS-INF,WD,PBS,INF,rec-wk1,2.57E+10,3,3
NT.F,anaer,56,4,NT.F,6169387,WD-PBS,WD-PBS-INF,WD,PBS,INF,rec-wk1,3.89E+10,3,3
ST1240,anaer,56,4,6497,6183041,WD-PBS,WD-PBS-INF,WD,PBS,INF,recovery,1.00E+11,3,5
ST1241,anaer,56,4,6498,6183041,WD-PBS,WD-PBS-INF,WD,PBS,INF,recovery,9.51E+10,3,5
ST1242,anaer,56,4,6499,6183041,WD-PBS,WD-PBS-INF,WD,PBS,INF,recovery,8.67E+10,3,5
ST1396,anaer,56,4,6509,6183045,WD-PBS,WD-PBS-INF,WD,PBS,INF,recovery,1.58E+11,3,6
ST1397,anaer,56,4,6510,6183045,WD-PBS,WD-PBS-INF,WD,PBS,INF,recovery,1.54E+12,3,6
ST1398,anaer,56,4,6511,6183045,WD-PBS,WD-PBS-INF,WD,PBS,INF,recovery,3.31E+11,3,6
ST55,anaer,59,7,2192,5893640,WD-PBS,WD-PBS-INF,WD,PBS,INF,rec-wk1,6.63E+09,3,1
ST56,anaer,59,7,2196,5893640,WD-PBS,WD-PBS-INF,WD,PBS,INF,rec-wk1,5.23E+09,3,1
ST376,anaer,59,7,90,5893634,WD-PBS,WD-PBS-INF,WD,PBS,INF,rec-wk1,2.08E+09,3,2
ST375,anaer,59,7,NT.B,5893634,WD-PBS,WD-PBS-INF,WD,PBS,INF,rec-wk1,4.10E+09,3,2
ST660,anaer,59,7,97,6169387,WD-PBS,WD-PBS-INF,WD,PBS,INF,rec-wk1,2.69E+10,3,3
ST659,anaer,59,7,NT.F,6169387,WD-PBS,WD-PBS-INF,WD,PBS,INF,rec-wk1,5.95E+10,3,3
ST1252,anaer,59,7,6497,6183041,WD-PBS,WD-PBS-INF,WD,PBS,INF,recovery,1.12E+11,3,5
ST1253,anaer,59,7,6498,6183041,WD-PBS,WD-PBS-INF,WD,PBS,INF,recovery,1.19E+11,3,5
ST1254,anaer,59,7,6499,6183041,WD-PBS,WD-PBS-INF,WD,PBS,INF,recovery,6.72E+10,3,5
ST1408,anaer,59,7,6509,6183045,WD-PBS,WD-PBS-INF,WD,PBS,INF,recovery,1.25E+11,3,6
ST1409,anaer,59,7,6510,6183045,WD-PBS,WD-PBS-INF,WD,PBS,INF,recovery,2.55E+11,3,6
ST1410,anaer,59,7,6511,6183045,WD-PBS,WD-PBS-INF,WD,PBS,INF,recovery,7.40E+11,3,6
na,anaer,62,10,2192,5893640,WD-PBS,WD-PBS-INF,WD,PBS,INF,rec-wk2,3.13E+09,3,1
na,anaer,62,10,2196,5893640,WD-PBS,WD-PBS-INF,WD,PBS,INF,rec-wk2,1.15E+09,3,1
ST392,anaer,62,10,90,5893634,WD-PBS,WD-PBS-INF,WD,PBS,INF,rec-wk2,2.06E+10,3,2
ST391,anaer,62,10,NT.B,5893634,WD-PBS,WD-PBS-INF,WD,PBS,INF,rec-wk2,8.05E+09,3,2
ST676,anaer,62,10,97,6169387,WD-PBS,WD-PBS-INF,WD,PBS,INF,rec-wk2,1.31E+09,3,3
ST675,anaer,62,10,NT.F,6169387,WD-PBS,WD-PBS-INF,WD,PBS,INF,rec-wk2,3.42E+09,3,3
ST1264,anaer,62,10,6497,6183041,WD-PBS,WD-PBS-INF,WD,PBS,INF,recovery,6.84E+10,3,5
ST1265,anaer,62,10,6498,6183041,WD-PBS,WD-PBS-INF,WD,PBS,INF,recovery,3.31E+11,3,5
ST1266,anaer,62,10,6499,6183041,WD-PBS,WD-PBS-INF,WD,PBS,INF,recovery,1.34E+11,3,5
ST1420,anaer,62,10,6509,6183045,WD-PBS,WD-PBS-INF,WD,PBS,INF,recovery,3.34E+10,3,6
ST1421,anaer,62,10,6510,6183045,WD-PBS,WD-PBS-INF,WD,PBS,INF,recovery,2.50E+11,3,6
ST1422,anaer,62,10,6511,6183045,WD-PBS,WD-PBS-INF,WD,PBS,INF,recovery,4.17E+10,3,6
ST67,anaer,66,14,2192,5893640,WD-PBS,WD-PBS-INF,WD,PBS,INF,pre-inf,2.87E+09,3,1
ST68,anaer,66,14,2196,5893640,WD-PBS,WD-PBS-INF,WD,PBS,INF,pre-inf,2.18E+09,3,1
ST408,anaer,66,14,90,5893634,WD-PBS,WD-PBS-INF,WD,PBS,INF,pre-inf,4.26E+09,3,2
ST407,anaer,66,14,NT.B,5893634,WD-PBS,WD-PBS-INF,WD,PBS,INF,pre-inf,1.11E+10,3,2
ST692,anaer,66,14,97,6169387,WD-PBS,WD-PBS-INF,WD,PBS,INF,pre-inf,1.91E+10,3,3
ST691,anaer,66,14,NT.F,6169387,WD-PBS,WD-PBS-INF,WD,PBS,INF,pre-inf,1.21E+10,3,3
ST1276,anaer,66,14,6497,6183041,WD-PBS,WD-PBS-INF,WD,PBS,INF,pre-infection,2.62E+11,3,5
ST1277,anaer,66,14,6498,6183041,WD-PBS,WD-PBS-INF,WD,PBS,INF,pre-infection,1.99E+09,3,5
ST1278,anaer,66,14,6499,6183041,WD-PBS,WD-PBS-INF,WD,PBS,INF,pre-infection,1.99E+11,3,5
ST1432,anaer,66,14,6509,6183045,WD-PBS,WD-PBS-INF,WD,PBS,INF,pre-infection,2.31E+11,3,6
ST1433,anaer,66,14,6510,6183045,WD-PBS,WD-PBS-INF,WD,PBS,INF,pre-infection,8.40E+11,3,6
ST1434,anaer,66,14,6511,6183045,WD-PBS,WD-PBS-INF,WD,PBS,INF,pre-infection,4.73E+11,3,6
ST1444,anaer,66,14.25,6509,6183045,WD-PBS,WD-PBS-INF,WD,PBS,INF,t=6,,3,6
ST1445,anaer,66,14.25,6510,6183045,WD-PBS,WD-PBS-INF,WD,PBS,INF,t=6,,3,6
ST1446,anaer,66,14.25,6511,6183045,WD-PBS,WD-PBS-INF,WD,PBS,INF,t=6,,3,6
ST1456,anaer,66,14.5,6509,6183045,WD-PBS,WD-PBS-INF,WD,PBS,INF,t=12,,3,6
ST1457,anaer,66,14.5,6510,6183045,WD-PBS,WD-PBS-INF,WD,PBS,INF,t=12,,3,6
ST1458,anaer,66,14.5,6511,6183045,WD-PBS,WD-PBS-INF,WD,PBS,INF,t=12,,3,6
ST91,anaer,67,15,2192,5893640,WD-PBS,WD-PBS-INF,WD,PBS,INF,t=24,9.39E+08,3,1
ST92,anaer,67,15,2196,5893640,WD-PBS,WD-PBS-INF,WD,PBS,INF,t=24,2.18E+09,3,1
ST456,anaer,67,15,90,5893634,WD-PBS,WD-PBS-INF,WD,PBS,INF,t=24,NA,3,2
ST455,anaer,67,15,NT.B,5893634,WD-PBS,WD-PBS-INF,WD,PBS,INF,t=24,NA,3,2
ST740,anaer,67,15,97,6169387,WD-PBS,WD-PBS-INF,WD,PBS,INF,t=24,NA,3,3
ST739,anaer,67,15,NT.F,6169387,WD-PBS,WD-PBS-INF,WD,PBS,INF,t=24,NA,3,3
ST1468,anaer,67,15,6509,6183045,WD-PBS,WD-PBS-INF,WD,PBS,INF,t=24,,3,6
ST1469,anaer,67,15,6510,6183045,WD-PBS,WD-PBS-INF,WD,PBS,INF,t=24,,3,6
ST1470,anaer,67,15,6511,6183045,WD-PBS,WD-PBS-INF,WD,PBS,INF,t=24,,3,6
ST107,anaer,68,16,2192,5893640,WD-PBS,WD-PBS-INF,WD,PBS,INF,t=48,1.14E+10,3,1
ST108,anaer,68,16,2196,5893640,WD-PBS,WD-PBS-INF,WD,PBS,INF,t=48,2.65E+10,3,1
ST472,anaer,68,16,90,5893634,WD-PBS,WD-PBS-INF,WD,PBS,INF,t=48,NA,3,2
ST471,anaer,68,16,NT.B,5893634,WD-PBS,WD-PBS-INF,WD,PBS,INF,t=48,NA,3,2
ST756,anaer,68,16,97,6169387,WD-PBS,WD-PBS-INF,WD,PBS,INF,t=48,NA,3,3
ST755,anaer,68,16,NT.F,6169387,WD-PBS,WD-PBS-INF,WD,PBS,INF,t=48,NA,3,3
ST1480,anaer,68,16,6509,6183045,WD-PBS,WD-PBS-INF,WD,PBS,INF,t=48,,3,6
ST1481,anaer,68,16,6510,6183045,WD-PBS,WD-PBS-INF,WD,PBS,INF,t=48,,3,6
ST1482,anaer,68,16,6511,6183045,WD-PBS,WD-PBS-INF,WD,PBS,INF,t=48,,3,6
2196,anaer,69,17,2196,5893640,WD-PBS,WD-PBS-INF,WD,PBS,INF,t=72,1.08E+11,3,1
ST1492,anaer,69,17,6509,6183045,WD-PBS,WD-PBS-INF,WD,PBS,INF,t=72,,3,6
ST1493,anaer,69,17,6510,6183045,WD-PBS,WD-PBS-INF,WD,PBS,INF,t=72,,3,6
ST1494,anaer,69,17,6511,6183045,WD-PBS,WD-PBS-INF,WD,PBS,INF,t=72,,3,6
ST29,anaer,49,-3,2191,5893639,WD-PBS,WD-PBS-PBS,WD,PBS,PBS,pre-abx,NA,3,1
ST30,anaer,49,-3,2197,5893639,WD-PBS,WD-PBS-PBS,WD,PBS,PBS,pre-abx,NA,3,1
ST335,anaer,49,-3,84,6158108,WD-PBS,WD-PBS-PBS,WD,PBS,PBS,pre-abx,1.27E+09,3,2
ST336,anaer,49,-3,85,6158108,WD-PBS,WD-PBS-PBS,WD,PBS,PBS,pre-abx,1.25E+09,3,2
ST631,anaer,49,-3,74,6169388,WD-PBS,WD-PBS-PBS,WD,PBS,PBS,pre-abx,NA,3,3
ST632,anaer,49,-3,75,6169388,WD-PBS,WD-PBS-PBS,WD,PBS,PBS,pre-abx,NA,3,3
ST45,anaer,52,0,2191,5893639,WD-PBS,WD-PBS-PBS,WD,PBS,PBS,post-abx,2.82E+08,3,1
ST46,anaer,52,0,2197,5893639,WD-PBS,WD-PBS-PBS,WD,PBS,PBS,post-abx,2.32E+09,3,1
ST361,anaer,52,0,84,6158108,WD-PBS,WD-PBS-PBS,WD,PBS,PBS,post-abx,NA,3,2
ST362,anaer,52,0,85,6158108,WD-PBS,WD-PBS-PBS,WD,PBS,PBS,post-abx,NA,3,2
ST647,anaer,52,0,74,6169388,WD-PBS,WD-PBS-PBS,WD,PBS,PBS,post-abx,1.77E+09,3,3
ST648,anaer,52,0,75,6169388,WD-PBS,WD-PBS-PBS,WD,PBS,PBS,post-abx,NA,3,3
na,anaer,56,4,2191,5893639,WD-PBS,WD-PBS-PBS,WD,PBS,PBS,rec-wk1,1.85E+09,3,1
na,anaer,56,4,2197,5893639,WD-PBS,WD-PBS-PBS,WD,PBS,PBS,rec-wk1,4.35E+09,3,1
84,anaer,56,4,84,6158108,WD-PBS,WD-PBS-PBS,WD,PBS,PBS,rec-wk1,2.28E+09,3,2
85,anaer,56,4,85,6158108,WD-PBS,WD-PBS-PBS,WD,PBS,PBS,rec-wk1,2.13E+09,3,2
74,anaer,56,4,74,6169388,WD-PBS,WD-PBS-PBS,WD,PBS,PBS,rec-wk1,5.71E+09,3,3
75,anaer,56,4,75,6169388,WD-PBS,WD-PBS-PBS,WD,PBS,PBS,rec-wk1,1.12E+10,3,3
ST53,anaer,59,7,2191,5893639,WD-PBS,WD-PBS-PBS,WD,PBS,PBS,rec-wk1,4.07E+09,3,1
ST54,anaer,59,7,2197,5893639,WD-PBS,WD-PBS-PBS,WD,PBS,PBS,rec-wk1,NA,3,1
ST377,anaer,59,7,84,6158108,WD-PBS,WD-PBS-PBS,WD,PBS,PBS,rec-wk1,1.18E+09,3,2
ST378,anaer,59,7,85,6158108,WD-PBS,WD-PBS-PBS,WD,PBS,PBS,rec-wk1,8.46E+08,3,2
ST658,anaer,59,7,74,6169388,WD-PBS,WD-PBS-PBS,WD,PBS,PBS,rec-wk1,NA,3,3
ST657,anaer,59,7,75,6169388,WD-PBS,WD-PBS-PBS,WD,PBS,PBS,rec-wk1,7.81E+09,3,3
na,anaer,62,10,2191,5893639,WD-PBS,WD-PBS-PBS,WD,PBS,PBS,rec-wk2,3.02E+10,3,1
na,anaer,62,10,2197,5893639,WD-PBS,WD-PBS-PBS,WD,PBS,PBS,rec-wk2,3.66E+10,3,1
ST393,anaer,62,10,84,6158108,WD-PBS,WD-PBS-PBS,WD,PBS,PBS,rec-wk2,9.13E+09,3,2
ST394,anaer,62,10,85,6158108,WD-PBS,WD-PBS-PBS,WD,PBS,PBS,rec-wk2,3.33E+09,3,2
ST679,anaer,62,10,74,6169388,WD-PBS,WD-PBS-PBS,WD,PBS,PBS,rec-wk2,1.61E+09,3,3
ST680,anaer,62,10,75,6169388,WD-PBS,WD-PBS-PBS,WD,PBS,PBS,rec-wk2,9.58E+09,3,3
ST71,anaer,66,14,2191,5893639,WD-PBS,WD-PBS-PBS,WD,PBS,PBS,pre-inf,4.70E+09,3,1
ST72,anaer,66,14,2197,5893639,WD-PBS,WD-PBS-PBS,WD,PBS,PBS,pre-inf,6.72E+09,3,1
ST409,anaer,66,14,84,6158108,WD-PBS,WD-PBS-PBS,WD,PBS,PBS,pre-inf,1.82E+09,3,2
ST410,anaer,66,14,85,6158108,WD-PBS,WD-PBS-PBS,WD,PBS,PBS,pre-inf,3.50E+09,3,2
ST695,anaer,66,14,74,6169388,WD-PBS,WD-PBS-PBS,WD,PBS,PBS,pre-inf,6.44E+09,3,3
ST696,anaer,66,14,75,6169388,WD-PBS,WD-PBS-PBS,WD,PBS,PBS,pre-inf,1.63E+10,3,3
ST81,anaer,67,15,2191,5893639,WD-PBS,WD-PBS-PBS,WD,PBS,PBS,t=24,6.92E+09,3,1
ST82,anaer,67,15,2197,5893639,WD-PBS,WD-PBS-PBS,WD,PBS,PBS,t=24,2.51E+08,3,1
ST457,anaer,67,15,84,6158108,WD-PBS,WD-PBS-PBS,WD,PBS,PBS,t=24,NA,3,2
ST458,anaer,67,15,85,6158108,WD-PBS,WD-PBS-PBS,WD,PBS,PBS,t=24,NA,3,2
ST743,anaer,67,15,74,6169388,WD-PBS,WD-PBS-PBS,WD,PBS,PBS,t=24,NA,3,3
ST744,anaer,67,15,75,6169388,WD-PBS,WD-PBS-PBS,WD,PBS,PBS,t=24,NA,3,3
ST97,anaer,68,16,2191,5893639,WD-PBS,WD-PBS-PBS,WD,PBS,PBS,t=48,8.33E+09,3,1
ST98,anaer,68,16,2197,5893639,WD-PBS,WD-PBS-PBS,WD,PBS,PBS,t=48,2.48E+10,3,1
ST473,anaer,68,16,84,6158108,WD-PBS,WD-PBS-PBS,WD,PBS,PBS,t=48,NA,3,2
ST474,anaer,68,16,85,6158108,WD-PBS,WD-PBS-PBS,WD,PBS,PBS,t=48,NA,3,2
ST759,anaer,68,16,74,6169388,WD-PBS,WD-PBS-PBS,WD,PBS,PBS,t=48,NA,3,3
ST760,anaer,68,16,75,6169388,WD-PBS,WD-PBS-PBS,WD,PBS,PBS,t=48,NA,3,3
2191,anaer,69,17,2191,5893639,WD-PBS,WD-PBS-PBS,WD,PBS,PBS,t=72,1.26E+10,3,1
ST120,anaer,69,17,2197,5893639,WD-PBS,WD-PBS-PBS,WD,PBS,PBS,t=72,1.74E+10,3,1
2197,anaer,70,18,2197,5893639,WD-PBS,WD-PBS-PBS,WD,PBS,PBS,t=96,1.59E+09,3,1
HF100,aer,4,4,5266,2,RC-ABX,RC-ABX,RC,ABX,na,,14722222222,1,1
HF100,anaer,4,4,5266,2,RC-ABX,RC-ABX,RC,ABX,na,,16666666667,1,1
HF101,aer,4,4,5267,2,RC-ABX,RC-ABX,RC,ABX,na,,5274261603,1,1
HF101,anaer,4,4,5267,2,RC-ABX,RC-ABX,RC,ABX,na,,9071729958,1,1
HF102,aer,4,4,5734,2,RC-ABX,RC-ABX,RC,ABX,na,,8074534161,1,1
HF102,anaer,4,4,5734,2,RC-ABX,RC-ABX,RC,ABX,na,,10559006211,1,1
HF103,aer,4,4,5733,3,WD-ABX,WD-ABX,WD,ABX,na,,0,1,1
HF103,anaer,4,4,5733,3,WD-ABX,WD-ABX,WD,ABX,na,,0,1,1
HF105,aer,4,4,5569,3,WD-ABX,WD-ABX,WD,ABX,na,,0,1,1
HF105,anaer,4,4,5569,3,WD-ABX,WD-ABX,WD,ABX,na,,0,1,1
HF106,aer,4,4,5264,4,WD-ABX,WD-ABX,WD,ABX,na,,0,1,1
HF106,anaer,4,4,5264,4,WD-ABX,WD-ABX,WD,ABX,na,,0,1,1
HF107,aer,4,4,5265,4,WD-ABX,WD-ABX,WD,ABX,na,,0,1,1
HF107,anaer,4,4,5265,4,WD-ABX,WD-ABX,WD,ABX,na,,0,1,1
HF108,aer,4,4,5732,4,WD-ABX,WD-ABX,WD,ABX,na,,0,1,1
HF108,anaer,4,4,5732,4,WD-ABX,WD-ABX,WD,ABX,na,,0,1,1
HF109,aer,5,5,5735,1,RC-ABX,RC-ABX,RC,ABX,na,,9219858156,1,1
HF109,anaer,5,5,5735,1,RC-ABX,RC-ABX,RC,ABX,na,,13829787234,1,1
HF110,aer,5,5,5570,1,RC-ABX,RC-ABX,RC,ABX,na,,39170506912,1,1
HF110,anaer,5,5,5570,1,RC-ABX,RC-ABX,RC,ABX,na,,20967741935,1,1
HF111,aer,5,5,5571,1,RC-ABX,RC-ABX,RC,ABX,na,,23571428571,1,1
HF111,anaer,5,5,5571,1,RC-ABX,RC-ABX,RC,ABX,na,,12142857143,1,1
HF112,aer,5,5,5266,2,RC-ABX,RC-ABX,RC,ABX,na,,9333333333,1,1
HF112,anaer,5,5,5266,2,RC-ABX,RC-ABX,RC,ABX,na,,2.00E+10,1,1
HF113,aer,5,5,5267,2,RC-ABX,RC-ABX,RC,ABX,na,,10191082803,1,1
HF113,anaer,5,5,5267,2,RC-ABX,RC-ABX,RC,ABX,na,,19108280255,1,1
HF114,aer,5,5,5734,2,RC-ABX,RC-ABX,RC,ABX,na,,27149321267,1,1
HF114,anaer,5,5,5734,2,RC-ABX,RC-ABX,RC,ABX,na,,36199095023,1,1
HF115,aer,5,5,5733,3,WD-ABX,WD-ABX,WD,ABX,na,,0,1,1
HF115,anaer,5,5,5733,3,WD-ABX,WD-ABX,WD,ABX,na,,0,1,1
HF116,aer,5,5,5568,3,WD-ABX,WD-ABX,WD,ABX,na,,0,1,1
HF116,anaer,5,5,5568,3,WD-ABX,WD-ABX,WD,ABX,na,,0,1,1
HF117,aer,5,5,5569,3,WD-ABX,WD-ABX,WD,ABX,na,,0,1,1
HF117,anaer,5,5,5569,3,WD-ABX,WD-ABX,WD,ABX,na,,0,1,1
HF118,aer,5,5,5264,4,WD-ABX,WD-ABX,WD,ABX,na,,0,1,1
HF118,anaer,5,5,5264,4,WD-ABX,WD-ABX,WD,ABX,na,,0,1,1
HF120,aer,5,5,5732,4,WD-ABX,WD-ABX,WD,ABX,na,,0,1,1
HF120,anaer,5,5,5732,4,WD-ABX,WD-ABX,WD,ABX,na,,0,1,1
HF13,aer,-3,-3,5735,1,RC-ABX,RC-ABX,RC,ABX,na,,940594059.4,1,1
HF13,anaer,-3,-3,5735,1,RC-ABX,RC-ABX,RC,ABX,na,,8085808581,1,1
HF14,aer,-3,-3,5570,1,RC-ABX,RC-ABX,RC,ABX,na,,1502145923,1,1
HF14,anaer,-3,-3,5570,1,RC-ABX,RC-ABX,RC,ABX,na,,6437768240,1,1
HF145,aer,8,7,5735,1,RC-ABX,RC-ABX,RC,ABX,na,,1021711367,1,1
HF145,anaer,8,7,5735,1,RC-ABX,RC-ABX,RC,ABX,na,,1021711367,1,1
HF147,aer,8,7,5571,1,RC-ABX,RC-ABX,RC,ABX,na,,552763819.1,1,1
HF147,anaer,8,7,5571,1,RC-ABX,RC-ABX,RC,ABX,na,,728643216.1,1,1
HF148,aer,8,7,5266,2,RC-ABX,RC-ABX,RC,ABX,na,,579710144.9,1,1
HF148,anaer,8,7,5266,2,RC-ABX,RC-ABX,RC,ABX,na,,594202898.6,1,1
HF149,aer,8,7,5267,2,RC-ABX,RC-ABX,RC,ABX,na,,388429752.1,1,1
HF149,anaer,8,7,5267,2,RC-ABX,RC-ABX,RC,ABX,na,,347107438,1,1
HF15,aer,-3,-3,5571,1,RC-ABX,RC-ABX,RC,ABX,na,,748031496.1,1,1
HF15,anaer,-3,-3,5571,1,RC-ABX,RC-ABX,RC,ABX,na,,12598425197,1,1
HF150,aer,8,7,5734,2,RC-ABX,RC-ABX,RC,ABX,na,,551181102.4,1,1
HF150,anaer,8,7,5734,2,RC-ABX,RC-ABX,RC,ABX,na,,577427821.5,1,1
HF151,aer,8,7,5733,3,WD-ABX,WD-ABX,WD,ABX,na,,1.60E+08,1,1
HF151,anaer,8,7,5733,3,WD-ABX,WD-ABX,WD,ABX,na,,59333333.33,1,1
HF153,aer,8,7,5569,3,WD-ABX,WD-ABX,WD,ABX,na,,3846153.846,1,1
HF153,anaer,8,7,5569,3,WD-ABX,WD-ABX,WD,ABX,na,,0,1,1
HF154,aer,8,7,5264,4,WD-ABX,WD-ABX,WD,ABX,na,,21034482.76,1,1
HF154,anaer,8,7,5264,4,WD-ABX,WD-ABX,WD,ABX,na,,0,1,1
HF155,aer,8,7,5265,4,WD-ABX,WD-ABX,WD,ABX,na,,9375000,1,1
HF155,anaer,8,7,5265,4,WD-ABX,WD-ABX,WD,ABX,na,,0,1,1
HF156,aer,8,7,5732,4,WD-ABX,WD-ABX,WD,ABX,na,,41095890.41,1,1
HF156,anaer,8,7,5732,4,WD-ABX,WD-ABX,WD,ABX,na,,0,1,1
HF16,aer,-3,-3,5266,2,RC-ABX,RC-ABX,RC,ABX,na,,3825136.612,1,1
HF16,anaer,-3,-3,5266,2,RC-ABX,RC-ABX,RC,ABX,na,,5737704918,1,1
HF169,aer,13,13,5735,1,RC-ABX,RC-ABX,RC,ABX,na,,6.25E+08,1,1
HF169,anaer,13,13,5735,1,RC-ABX,RC-ABX,RC,ABX,na,,795454545.5,1,1
HF17,aer,-3,-3,5267,2,RC-ABX,RC-ABX,RC,ABX,na,,1256544503,1,1
HF17,anaer,-3,-3,5267,2,RC-ABX,RC-ABX,RC,ABX,na,,12827225131,1,1
HF170,aer,13,13,5570,1,RC-ABX,RC-ABX,RC,ABX,na,,771028037.4,1,1
HF170,anaer,13,13,5570,1,RC-ABX,RC-ABX,RC,ABX,na,,1518691589,1,1
HF171,aer,13,13,5571,1,RC-ABX,RC-ABX,RC,ABX,na,,232142857.1,1,1
HF171,anaer,13,13,5571,1,RC-ABX,RC-ABX,RC,ABX,na,,1160714286,1,1
HF172,aer,13,13,5266,2,RC-ABX,RC-ABX,RC,ABX,na,,270424836.6,1,1
HF172,anaer,13,13,5266,2,RC-ABX,RC-ABX,RC,ABX,na,,444444444.4,1,1
HF173,aer,13,13,5267,2,RC-ABX,RC-ABX,RC,ABX,na,,10200000,1,1
HF173,anaer,13,13,5267,2,RC-ABX,RC-ABX,RC,ABX,na,,68666666.67,1,1
HF174,aer,13,13,5734,2,RC-ABX,RC-ABX,RC,ABX,na,,155378486.1,1,1
HF174,anaer,13,13,5734,2,RC-ABX,RC-ABX,RC,ABX,na,,171314741,1,1
HF175,aer,13,13,5733,3,WD-ABX,WD-ABX,WD,ABX,na,,10185185185,1,1
HF175,anaer,13,13,5733,3,WD-ABX,WD-ABX,WD,ABX,na,,7407407407,1,1
HF176,aer,13,13,5568,3,WD-ABX,WD-ABX,WD,ABX,na,,12708333333,1,1
HF176,anaer,13,13,5568,3,WD-ABX,WD-ABX,WD,ABX,na,,1.06E+10,1,1
HF177,aer,13,13,5569,3,WD-ABX,WD-ABX,WD,ABX,na,,1.00E+10,1,1
HF177,anaer,13,13,5569,3,WD-ABX,WD-ABX,WD,ABX,na,,24333333333,1,1
HF178,aer,13,13,5264,4,WD-ABX,WD-ABX,WD,ABX,na,,1.06E+11,1,1
HF178,anaer,13,13,5264,4,WD-ABX,WD-ABX,WD,ABX,na,,12749003984,1,1
HF179,aer,13,13,5265,4,WD-ABX,WD-ABX,WD,ABX,na,,1.25E+10,1,1
HF179,anaer,13,13,5265,4,WD-ABX,WD-ABX,WD,ABX,na,,1.13E+10,1,1
HF18,aer,-3,-3,5734,2,RC-ABX,RC-ABX,RC,ABX,na,,1361867.704,1,1
HF18,anaer,-3,-3,5734,2,RC-ABX,RC-ABX,RC,ABX,na,,5836575875,1,1
HF180,aer,13,13,5732,4,WD-ABX,WD-ABX,WD,ABX,na,,11977401130,1,1
HF180,anaer,13,13,5732,4,WD-ABX,WD-ABX,WD,ABX,na,,12655367232,1,1
HF181,aer,15,14,5735,1,RC-ABX,RC-ABX,RC,ABX,na,,1541425819,1,1
HF181,anaer,15,14,5735,1,RC-ABX,RC-ABX,RC,ABX,na,,2954399486,1,1
HF182,aer,15,14,5570,1,RC-ABX,RC-ABX,RC,ABX,na,,518181818.2,1,1
HF182,anaer,15,14,5570,1,RC-ABX,RC-ABX,RC,ABX,na,,2272727273,1,1
HF183,aer,15,14,5571,1,RC-ABX,RC-ABX,RC,ABX,na,,178846153.8,1,1
HF183,anaer,15,14,5571,1,RC-ABX,RC-ABX,RC,ABX,na,,903846153.8,1,1
HF184,aer,15,14,5266,2,RC-ABX,RC-ABX,RC,ABX,na,,232142857.1,1,1
HF184,anaer,15,14,5266,2,RC-ABX,RC-ABX,RC,ABX,na,,255102040.8,1,1
HF185,aer,15,14,5267,2,RC-ABX,RC-ABX,RC,ABX,na,,678233438.5,1,1
HF185,anaer,15,14,5267,2,RC-ABX,RC-ABX,RC,ABX,na,,694006309.1,1,1
HF186,aer,15,14,5734,2,RC-ABX,RC-ABX,RC,ABX,na,,949074074.1,1,1
HF186,anaer,15,14,5734,2,RC-ABX,RC-ABX,RC,ABX,na,,1435185185,1,1
HF187,aer,15,14,5733,3,WD-ABX,WD-ABX,WD,ABX,na,,2931034483,1,1
HF187,anaer,15,14,5733,3,WD-ABX,WD-ABX,WD,ABX,na,,5689655172,1,1
HF188,aer,15,14,5568,3,WD-ABX,WD-ABX,WD,ABX,na,,9624413146,1,1
HF188,anaer,15,14,5568,3,WD-ABX,WD-ABX,WD,ABX,na,,17370892019,1,1
HF189,aer,15,14,5569,3,WD-ABX,WD-ABX,WD,ABX,na,,13636363636,1,1
HF189,anaer,15,14,5569,3,WD-ABX,WD-ABX,WD,ABX,na,,9415584416,1,1
HF19,aer,-3,-3,5733,3,WD-ABX,WD-ABX,WD,ABX,na,,7185628.743,1,1
HF19,anaer,-3,-3,5733,3,WD-ABX,WD-ABX,WD,ABX,na,,928143712.6,1,1
HF190,aer,15,14,5264,4,WD-ABX,WD-ABX,WD,ABX,na,,2.13E+10,1,1
HF190,anaer,15,14,5264,4,WD-ABX,WD-ABX,WD,ABX,na,,1.81E+10,1,1
HF191,aer,15,14,5265,4,WD-ABX,WD-ABX,WD,ABX,na,,22105263158,1,1
HF191,anaer,15,14,5265,4,WD-ABX,WD-ABX,WD,ABX,na,,21578947368,1,1
HF192,aer,15,14,5732,4,WD-ABX,WD-ABX,WD,ABX,na,,5367647059,1,1
HF192,anaer,15,14,5732,4,WD-ABX,WD-ABX,WD,ABX,na,,18382352941,1,1
HF20,aer,-3,-3,5568,3,WD-ABX,WD-ABX,WD,ABX,na,,6912442.396,1,1
HF20,anaer,-3,-3,5568,3,WD-ABX,WD-ABX,WD,ABX,na,,806451612.9,1,1
HF21,aer,-3,-3,5569,3,WD-ABX,WD-ABX,WD,ABX,na,,2805280.528,1,1
HF21,anaer,-3,-3,5569,3,WD-ABX,WD-ABX,WD,ABX,na,,1683168317,1,1
HF22,aer,-3,-3,5264,4,WD-ABX,WD-ABX,WD,ABX,na,,3921568.627,1,1
HF22,anaer,-3,-3,5264,4,WD-ABX,WD-ABX,WD,ABX,na,,1151960784,1,1
HF23,aer,-3,-3,5265,4,WD-ABX,WD-ABX,WD,ABX,na,,10791366.91,1,1
HF23,anaer,-3,-3,5265,4,WD-ABX,WD-ABX,WD,ABX,na,,863309352.5,1,1
HF24,aer,-3,-3,5732,4,WD-ABX,WD-ABX,WD,ABX,na,,22580645.16,1,1
HF24,anaer,-3,-3,5732,4,WD-ABX,WD-ABX,WD,ABX,na,,1774193548,1,1
HF26,aer,0,0,5570,1,RC-ABX,RC-ABX,RC,ABX,na,,1741071.429,1,1
HF26,anaer,0,0,5570,1,RC-ABX,RC-ABX,RC,ABX,na,,1383928.571,1,1
HF27,aer,0,0,5571,1,RC-ABX,RC-ABX,RC,ABX,na,,1694915.254,1,1
HF27,anaer,0,0,5571,1,RC-ABX,RC-ABX,RC,ABX,na,,790960.452,1,1
HF28,aer,0,0,5266,2,RC-ABX,RC-ABX,RC,ABX,na,,2188449.848,1,1
HF28,anaer,0,0,5266,2,RC-ABX,RC-ABX,RC,ABX,na,,1246200.608,1,1
HF29,aer,0,0,5267,2,RC-ABX,RC-ABX,RC,ABX,na,,1361445.783,1,1
HF29,anaer,0,0,5267,2,RC-ABX,RC-ABX,RC,ABX,na,,987951.8072,1,1
HF30,aer,0,0,5734,2,RC-ABX,RC-ABX,RC,ABX,na,,458715.5963,1,1
HF30,anaer,0,0,5734,2,RC-ABX,RC-ABX,RC,ABX,na,,1100917.431,1,1
HF32,aer,0,0,5568,3,WD-ABX,WD-ABX,WD,ABX,na,,0,1,1
HF32,anaer,0,0,5568,3,WD-ABX,WD-ABX,WD,ABX,na,,0,1,1
HF33,aer,0,0,5569,3,WD-ABX,WD-ABX,WD,ABX,na,,71428.57143,1,1
HF33,anaer,0,0,5569,3,WD-ABX,WD-ABX,WD,ABX,na,,0,1,1
HF34,aer,0,0,5264,4,WD-ABX,WD-ABX,WD,ABX,na,,0,1,1
HF34,anaer,0,0,5264,4,WD-ABX,WD-ABX,WD,ABX,na,,0,1,1
HF35,aer,0,0,5265,4,WD-ABX,WD-ABX,WD,ABX,na,,0,1,1
HF35,anaer,0,0,5265,4,WD-ABX,WD-ABX,WD,ABX,na,,0,1,1
HF36,aer,0,0,5732,4,WD-ABX,WD-ABX,WD,ABX,na,,0,1,1
HF36,anaer,0,0,5732,4,WD-ABX,WD-ABX,WD,ABX,na,,0,1,1
HF49,aer,1,1,5735,1,RC-ABX,RC-ABX,RC,ABX,na,,268817.2043,1,1
HF49,anaer,1,1,5735,1,RC-ABX,RC-ABX,RC,ABX,na,,268817.2043,1,1
HF50,aer,1,1,5570,1,RC-ABX,RC-ABX,RC,ABX,na,,354330.7087,1,1
HF50,anaer,1,1,5570,1,RC-ABX,RC-ABX,RC,ABX,na,,314960.6299,1,1
HF51,aer,1,1,5571,1,RC-ABX,RC-ABX,RC,ABX,na,,945945.9459,1,1
HF51,anaer,1,1,5571,1,RC-ABX,RC-ABX,RC,ABX,na,,351351.3514,1,1
HF52,aer,1,1,5266,2,RC-ABX,RC-ABX,RC,ABX,na,,1511627.907,1,1
HF52,anaer,1,1,5266,2,RC-ABX,RC-ABX,RC,ABX,na,,310077.5194,1,1
HF53,aer,1,1,5267,2,RC-ABX,RC-ABX,RC,ABX,na,,1060527.677,1,1
HF53,anaer,1,1,5267,2,RC-ABX,RC-ABX,RC,ABX,na,,426797.7237,1,1
HF54,aer,1,1,5734,2,RC-ABX,RC-ABX,RC,ABX,na,,1022727.273,1,1
HF54,anaer,1,1,5734,2,RC-ABX,RC-ABX,RC,ABX,na,,568181.8182,1,1
HF55,aer,1,1,5264,4,WD-ABX,WD-ABX,WD,ABX,na,,0,1,1
HF55,anaer,1,1,5264,4,WD-ABX,WD-ABX,WD,ABX,na,,0,1,1
HF56,aer,1,1,5265,4,WD-ABX,WD-ABX,WD,ABX,na,,0,1,1
HF56,anaer,1,1,5265,4,WD-ABX,WD-ABX,WD,ABX,na,,0,1,1
HF58,aer,1,1,5733,3,WD-ABX,WD-ABX,WD,ABX,na,,0,1,1
HF58,anaer,1,1,5733,3,WD-ABX,WD-ABX,WD,ABX,na,,0,1,1
HF59,aer,1,1,5568,3,WD-ABX,WD-ABX,WD,ABX,na,,0,1,1
HF59,anaer,1,1,5568,3,WD-ABX,WD-ABX,WD,ABX,na,,0,1,1
HF60,aer,1,1,5569,3,WD-ABX,WD-ABX,WD,ABX,na,,0,1,1
HF60,anaer,1,1,5569,3,WD-ABX,WD-ABX,WD,ABX,na,,0,1,1
HF73,aer,2,2,5735,1,RC-ABX,RC-ABX,RC,ABX,na,,2167487.685,1,1
HF73,anaer,2,2,5735,1,RC-ABX,RC-ABX,RC,ABX,na,,1206896.552,1,1
HF74,aer,2,2,5570,1,RC-ABX,RC-ABX,RC,ABX,na,,1931034.483,1,1
HF74,anaer,2,2,5570,1,RC-ABX,RC-ABX,RC,ABX,na,,482758.6207,1,1
HF75,aer,2,2,5571,1,RC-ABX,RC-ABX,RC,ABX,na,,1670644.391,1,1
HF75,anaer,2,2,5571,1,RC-ABX,RC-ABX,RC,ABX,na,,501193.3174,1,1
HF76,aer,2,2,5266,2,RC-ABX,RC-ABX,RC,ABX,na,,251219512.2,1,1
HF76,anaer,2,2,5266,2,RC-ABX,RC-ABX,RC,ABX,na,,463414634.1,1,1
HF77,aer,2,2,5267,2,RC-ABX,RC-ABX,RC,ABX,na,,180265654.6,1,1
HF77,anaer,2,2,5267,2,RC-ABX,RC-ABX,RC,ABX,na,,569259962,1,1
HF78,aer,2,2,5734,2,RC-ABX,RC-ABX,RC,ABX,na,,3602305476,1,1
HF78,anaer,2,2,5734,2,RC-ABX,RC-ABX,RC,ABX,na,,3890489914,1,1
HF79,aer,2,2,5733,3,WD-ABX,WD-ABX,WD,ABX,na,,0,1,1
HF79,anaer,2,2,5733,3,WD-ABX,WD-ABX,WD,ABX,na,,0,1,1
HF80,aer,2,2,5568,3,WD-ABX,WD-ABX,WD,ABX,na,,0,1,1
HF80,anaer,2,2,5568,3,WD-ABX,WD-ABX,WD,ABX,na,,0,1,1
HF81,aer,2,2,5569,3,WD-ABX,WD-ABX,WD,ABX,na,,0,1,1
HF81,anaer,2,2,5569,3,WD-ABX,WD-ABX,WD,ABX,na,,0,1,1
HF82,aer,2,2,5264,4,WD-ABX,WD-ABX,WD,ABX,na,,0,1,1
HF82,anaer,2,2,5264,4,WD-ABX,WD-ABX,WD,ABX,na,,0,1,1
HF83,aer,2,2,5265,4,WD-ABX,WD-ABX,WD,ABX,na,,0,1,1
HF83,anaer,2,2,5265,4,WD-ABX,WD-ABX,WD,ABX,na,,0,1,1
HF97,aer,4,4,5735,1,RC-ABX,RC-ABX,RC,ABX,na,,714285714.3,1,1
HF97,anaer,4,4,5735,1,RC-ABX,RC-ABX,RC,ABX,na,,1477832512,1,1
HF98,aer,4,4,5570,1,RC-ABX,RC-ABX,RC,ABX,na,,4109589041,1,1
HF98,anaer,4,4,5570,1,RC-ABX,RC-ABX,RC,ABX,na,,5936073059,1,1
HF99,aer,4,4,5571,1,RC-ABX,RC-ABX,RC,ABX,na,,7236842105,1,1
HF99,anaer,4,4,5571,1,RC-ABX,RC-ABX,RC,ABX,na,,4385964912,1,1