SampleID,Day,Mouse,Cage,Desc,Type,Type.adj,Type.adj2,meanCFUpg_LB,Cohort,Cohort2,Treatment,Diet,Abx,infect,hpi
ST976,65.25,86,6160718,t=6,fecal,fecal,fecal,0.00E+00,4,4a,RC-ABX-INF,RC,ABX,INF,6
ST988,65.5,86,6160718,t=12,fecal,fecal,fecal,5.04E+05,4,4a,RC-ABX-INF,RC,ABX,INF,12
ST994,66,86,6160718,t=24,fecal,fecal,fecal,1.78E+06,4,4a,RC-ABX-INF,RC,ABX,INF,24
ST1012,67,86,6160718,t=48,fecal,fecal,fecal,9.35E+05,4,4a,RC-ABX-INF,RC,ABX,INF,48
ST1024,68,86,6160718,t=72,fecal,fecal,fecal,3.04E+06,4,4a,RC-ABX-INF,RC,ABX,INF,72
86,69,86,6160718,t=96,cec-L,cec-L,cec-L,1.21E+08,4,4a,RC-ABX-INF,RC,ABX,INF,96
86,69,86,6160718,t=96,col-L,fecal,col-L,6.20E+07,4,4a,RC-ABX-INF,RC,ABX,INF,96
86,69,86,6160718,t=96,fecal,fecal,fecal,1.51E+07,4,4a,RC-ABX-INF,RC,ABX,INF,96
86,69,86,6160718,t=96,ile-L,ile-L,ile-L,NA,4,4a,RC-ABX-INF,RC,ABX,INF,96
86,69,86,6160718,t=96,liv,liv,liv,1.92E+06,4,4a,RC-ABX-INF,RC,ABX,INF,96
86,69,86,6160718,t=96,MLN,MLN,MLN,2.26E+06,4,4a,RC-ABX-INF,RC,ABX,INF,96
86,69,86,6160718,t=96,spl,spl,spl,2.33E+07,4,4a,RC-ABX-INF,RC,ABX,INF,96
ST975,65.25,87,6160718,t=6,fecal,fecal,fecal,1.13E+06,4,4a,RC-ABX-INF,RC,ABX,INF,6
ST987,65.5,87,6160718,t=12,fecal,fecal,fecal,NA,4,4a,RC-ABX-INF,RC,ABX,INF,12
ST993,66,87,6160718,t=24,fecal,fecal,fecal,4.63E+06,4,4a,RC-ABX-INF,RC,ABX,INF,24
ST1011,67,87,6160718,t=48,fecal,fecal,fecal,9.52E+05,4,4a,RC-ABX-INF,RC,ABX,INF,48
ST1023,68,87,6160718,t=72,fecal,fecal,fecal,9.02E+05,4,4a,RC-ABX-INF,RC,ABX,INF,72
87,69,87,6160718,t=96,cec-L,cec-L,cec-L,1.19E+08,4,4a,RC-ABX-INF,RC,ABX,INF,96
87,69,87,6160718,t=96,col-L,fecal,col-L,5.25E+07,4,4a,RC-ABX-INF,RC,ABX,INF,96
87,69,87,6160718,t=96,fecal,fecal,fecal,1.43E+06,4,4a,RC-ABX-INF,RC,ABX,INF,96
87,69,87,6160718,t=96,ile-L,ile-L,ile-L,4.05E+08,4,4a,RC-ABX-INF,RC,ABX,INF,96
87,69,87,6160718,t=96,liv,liv,liv,2.63E+06,4,4a,RC-ABX-INF,RC,ABX,INF,96
87,69,87,6160718,t=96,MLN,MLN,MLN,3.47E+06,4,4a,RC-ABX-INF,RC,ABX,INF,96
87,69,87,6160718,t=96,spl,spl,spl,2.77E+07,4,4a,RC-ABX-INF,RC,ABX,INF,96
ST974,65.25,5001,6160718,t=6,fecal,fecal,fecal,7.23E+05,4,4a,RC-ABX-INF,RC,ABX,INF,6
ST986,65.5,5001,6160718,t=12,fecal,fecal,fecal,5.84E+05,4,4a,RC-ABX-INF,RC,ABX,INF,12
ST992,66,5001,6160718,t=24,fecal,fecal,fecal,1.73E+06,4,4a,RC-ABX-INF,RC,ABX,INF,24
ST1010,67,5001,6160718,t=48,fecal,fecal,fecal,2.66E+05,4,4a,RC-ABX-INF,RC,ABX,INF,48
ST1022,68,5001,6160718,t=72,fecal,fecal,fecal,2.96E+06,4,4a,RC-ABX-INF,RC,ABX,INF,72
5001,69,5001,6160718,t=96,cec-L,cec-L,cec-L,8.35E+08,4,4a,RC-ABX-INF,RC,ABX,INF,96
5001,69,5001,6160718,t=96,col-L,fecal,col-L,1.86E+09,4,4a,RC-ABX-INF,RC,ABX,INF,96
5001,69,5001,6160718,t=96,fecal,fecal,fecal,8.38E+05,4,4a,RC-ABX-INF,RC,ABX,INF,96
5001,69,5001,6160718,t=96,ile-L,ile-L,ile-L,2.45E+07,4,4a,RC-ABX-INF,RC,ABX,INF,96
5001,69,5001,6160718,t=96,liv,liv,liv,2.16E+06,4,4a,RC-ABX-INF,RC,ABX,INF,96
5001,69,5001,6160718,t=96,MLN,MLN,MLN,3.21E+05,4,4a,RC-ABX-INF,RC,ABX,INF,96
5001,69,5001,6160718,t=96,spl,spl,spl,1.11E+07,4,4a,RC-ABX-INF,RC,ABX,INF,96
ST998,66.25,5002,6160719,t=6,fecal,fecal,fecal,5.48E+05,4,4b,RC-ABX-INF,RC,ABX,INF,6
ST1004,66.5,5002,6160719,t=12,fecal,fecal,fecal,4.53E+04,4,4b,RC-ABX-INF,RC,ABX,INF,12
ST1016,67,5002,6160719,t=26,fecal,fecal,fecal,0.00E+00,4,4b,RC-ABX-INF,RC,ABX,INF,24
ST1028,68,5002,6160719,t=50,fecal,fecal,fecal,0.00E+00,4,4b,RC-ABX-INF,RC,ABX,INF,48
ST1034,69,5002,6160719,t=74,fecal,fecal,fecal,0.00E+00,4,4b,RC-ABX-INF,RC,ABX,INF,72
5002,70,5002,6160719,t=98,cec-L,cec-L,cec-L,1.19E+07,4,4b,RC-ABX-INF,RC,ABX,INF,96
5002,70,5002,6160719,t=98,col-L,fecal,fecal,5.89E+07,4,4b,RC-ABX-INF,RC,ABX,INF,96
5002,70,5002,6160719,t=98,fecal,fecal,fecal,NA,4,4b,RC-ABX-INF,RC,ABX,INF,96
5002,70,5002,6160719,t=98,ile-L,ile-L,ile-L,1.30E+05,4,4b,RC-ABX-INF,RC,ABX,INF,96
5002,70,5002,6160719,t=98,liv,liv,liv,8.36E+04,4,4b,RC-ABX-INF,RC,ABX,INF,96
5002,70,5002,6160719,t=98,MLN,MLN,MLN,5.37E+05,4,4b,RC-ABX-INF,RC,ABX,INF,96
5002,70,5002,6160719,t=98,spl,spl,spl,6.19E+04,4,4b,RC-ABX-INF,RC,ABX,INF,96
ST999,66.25,5003,6160719,t=6,fecal,fecal,fecal,2.53E+06,4,4b,RC-ABX-INF,RC,ABX,INF,6
ST1005,66.5,5003,6160719,t=12,fecal,fecal,fecal,2.41E+05,4,4b,RC-ABX-INF,RC,ABX,INF,12
ST1017,67,5003,6160719,t=26,fecal,fecal,fecal,2.51E+06,4,4b,RC-ABX-INF,RC,ABX,INF,24
ST1029,68,5003,6160719,t=50,fecal,fecal,fecal,0.00E+00,4,4b,RC-ABX-INF,RC,ABX,INF,48
ST1035,69,5003,6160719,t=74,fecal,fecal,fecal,6.58E+05,4,4b,RC-ABX-INF,RC,ABX,INF,72
5003,70,5003,6160719,t=98,cec-L,cec-L,cec-L,4.32E+06,4,4b,RC-ABX-INF,RC,ABX,INF,96
5003,70,5003,6160719,t=98,col-L,fecal,fecal,5.47E+06,4,4b,RC-ABX-INF,RC,ABX,INF,96
5003,70,5003,6160719,t=98,fecal,fecal,fecal,NA,4,4b,RC-ABX-INF,RC,ABX,INF,96
5003,70,5003,6160719,t=98,ile-L,ile-L,ile-L,1.77E+06,4,4b,RC-ABX-INF,RC,ABX,INF,96
5003,70,5003,6160719,t=98,liv,liv,liv,2.22E+06,4,4b,RC-ABX-INF,RC,ABX,INF,96
5003,70,5003,6160719,t=98,MLN,MLN,MLN,4.41E+06,4,4b,RC-ABX-INF,RC,ABX,INF,96
5003,70,5003,6160719,t=98,spl,spl,spl,2.55E+07,4,4b,RC-ABX-INF,RC,ABX,INF,96
ST1000,66.25,5004,6160719,t=6,fecal,fecal,fecal,4.39E+06,4,4b,RC-ABX-INF,RC,ABX,INF,6
ST1006,66.5,5004,6160719,t=12,fecal,fecal,fecal,3.05E+06,4,4b,RC-ABX-INF,RC,ABX,INF,12
ST1018,67,5004,6160719,t=26,fecal,fecal,fecal,2.34E+05,4,4b,RC-ABX-INF,RC,ABX,INF,24
ST1030,68,5004,6160719,t=50,fecal,fecal,fecal,0.00E+00,4,4b,RC-ABX-INF,RC,ABX,INF,48
ST1036,69,5004,6160719,t=74,fecal,fecal,fecal,1.98E+06,4,4b,RC-ABX-INF,RC,ABX,INF,72
5004,70,5004,6160719,t=98,cec-L,cec-L,cec-L,4.03E+05,4,4b,RC-ABX-INF,RC,ABX,INF,96
5004,70,5004,6160719,t=98,col-L,fecal,fecal,8.33E+05,4,4b,RC-ABX-INF,RC,ABX,INF,96
5004,70,5004,6160719,t=98,fecal,fecal,fecal,NA,4,4b,RC-ABX-INF,RC,ABX,INF,96
5004,70,5004,6160719,t=98,ile-L,ile-L,ile-L,4.94E+05,4,4b,RC-ABX-INF,RC,ABX,INF,96
5004,70,5004,6160719,t=98,liv,liv,liv,1.07E+05,4,4b,RC-ABX-INF,RC,ABX,INF,96
5004,70,5004,6160719,t=98,MLN,MLN,MLN,2.20E+05,4,4b,RC-ABX-INF,RC,ABX,INF,96
5004,70,5004,6160719,t=98,spl,spl,spl,5.15E+05,4,4b,RC-ABX-INF,RC,ABX,INF,96
ST981,65.25,5007,6160720,t=6,fecal,fecal,fecal,0.00E+00,4,4a,WD-ABX-INF,RC,ABX,INF,6
ST990,65.5,5007,6160720,t=12,fecal,fecal,fecal,7.81E+04,4,4a,WD-ABX-INF,WD,ABX,INF,12
ST996,66,5007,6160720,t=24,fecal,fecal,fecal,5.02E+07,4,4a,WD-ABX-INF,WD,ABX,INF,24
ST1014,67,5007,6160720,t=48,fecal,fecal,fecal,1.17E+09,4,4a,WD-ABX-INF,WD,ABX,INF,48
ST1026,68,5007,6160720,t=72,fecal,fecal,fecal,3.75E+09,4,4a,WD-ABX-INF,WD,ABX,INF,72
5007,69,5007,6160720,t=96,cec-L,cec-L,cec-L,5.20E+08,4,4a,WD-ABX-INF,WD,ABX,INF,96
5007,69,5007,6160720,t=96,col-L,fecal,col-L,1.46E+09,4,4a,WD-ABX-INF,WD,ABX,INF,96
5007,69,5007,6160720,t=96,fecal,fecal,fecal,1.33E+10,4,4a,WD-ABX-INF,WD,ABX,INF,96
5007,69,5007,6160720,t=96,ile-L,ile-L,ile-L,6.43E+05,4,4a,WD-ABX-INF,WD,ABX,INF,96
5007,69,5007,6160720,t=96,liv,liv,liv,1.72E+05,4,4a,WD-ABX-INF,WD,ABX,INF,96
5007,69,5007,6160720,t=96,MLN,MLN,MLN,1.29E+06,4,4a,WD-ABX-INF,WD,ABX,INF,96
5007,69,5007,6160720,t=96,spl,spl,spl,2.48E+05,4,4a,WD-ABX-INF,WD,ABX,INF,96
ST983,65.25,5008,6160721,na,fecal,fecal,fecal,0.00E+00,4,4b,WD-ABX-INF,WD,ABX,INF,0
ST1001,66.25,5008,6160721,t=6,fecal,fecal,fecal,1.74E+08,4,4b,WD-ABX-INF,WD,ABX,INF,6
ST1007,66.5,5008,6160721,t=12,fecal,fecal,fecal,2.92E+08,4,4b,WD-ABX-INF,WD,ABX,INF,12
ST1019,67,5008,6160721,t=26,fecal,fecal,fecal,6.85E+09,4,4b,WD-ABX-INF,WD,ABX,INF,24
ST1031,68,5008,6160721,t=50,fecal,fecal,fecal,5.47E+09,4,4b,WD-ABX-INF,WD,ABX,INF,48
ST1037,69,5008,6160721,t=74,fecal,fecal,fecal,1.76E+10,4,4b,WD-ABX-INF,WD,ABX,INF,72
5008,70,5008,6160721,t=98,cec-L,cec-L,cec-L,3.62E+10,4,4b,WD-ABX-INF,WD,ABX,INF,96
5008,70,5008,6160721,t=98,col-L,fecal,fecal,2.97E+10,4,4b,WD-ABX-INF,WD,ABX,INF,96
5008,70,5008,6160721,t=98,fecal,fecal,fecal,NA,4,4b,WD-ABX-INF,WD,ABX,INF,96
5008,70,5008,6160721,t=98,ile-L,ile-L,ile-L,1.16E+09,4,4b,WD-ABX-INF,WD,ABX,INF,96
5008,70,5008,6160721,t=98,liv,liv,liv,2.85E+05,4,4b,WD-ABX-INF,WD,ABX,INF,96
5008,70,5008,6160721,t=98,MLN,MLN,MLN,4.92E+06,4,4b,WD-ABX-INF,WD,ABX,INF,96
5008,70,5008,6160721,t=98,spl,spl,spl,3.84E+06,4,4b,WD-ABX-INF,WD,ABX,INF,96
ST984,65.25,5009,6160721,na,fecal,fecal,fecal,0.00E+00,4,4b,WD-ABX-INF,WD,ABX,INF,0
ST1002,66.25,5009,6160721,t=6,fecal,fecal,fecal,6.72E+08,4,4b,WD-ABX-INF,WD,ABX,INF,6
ST1008,66.5,5009,6160721,t=12,fecal,fecal,fecal,4.24E+08,4,4b,WD-ABX-INF,WD,ABX,INF,12
ST1020,67,5009,6160721,t=26,fecal,fecal,fecal,4.24E+09,4,4b,WD-ABX-INF,WD,ABX,INF,24
ST1032,68,5009,6160721,t=50,fecal,fecal,fecal,9.75E+09,4,4b,WD-ABX-INF,WD,ABX,INF,48
ST1038,69,5009,6160721,t=74,fecal,fecal,fecal,1.79E+09,4,4b,WD-ABX-INF,WD,ABX,INF,72
5009,70,5009,6160721,t=98,cec-L,cec-L,cec-L,1.97E+09,4,4b,WD-ABX-INF,WD,ABX,INF,96
5009,70,5009,6160721,t=98,col-L,fecal,fecal,5.21E+10,4,4b,WD-ABX-INF,WD,ABX,INF,96
5009,70,5009,6160721,t=98,fecal,fecal,fecal,NA,4,4b,WD-ABX-INF,WD,ABX,INF,96
5009,70,5009,6160721,t=98,ile-L,ile-L,ile-L,8.22E+07,4,4b,WD-ABX-INF,WD,ABX,INF,96
5009,70,5009,6160721,t=98,liv,liv,liv,1.05E+06,4,4b,WD-ABX-INF,WD,ABX,INF,96
5009,70,5009,6160721,t=98,MLN,MLN,MLN,7.91E+06,4,4b,WD-ABX-INF,WD,ABX,INF,96
5009,70,5009,6160721,t=98,spl,spl,spl,8.28E+06,4,4b,WD-ABX-INF,WD,ABX,INF,96
ST985,65.25,5010,6160721,na,fecal,fecal,fecal,0.00E+00,4,4b,WD-ABX-INF,WD,ABX,INF,0
ST1003,66.25,5010,6160721,t=6,fecal,fecal,fecal,2.16E+08,4,4b,WD-ABX-INF,WD,ABX,INF,6
ST1009,66.5,5010,6160721,t=12,fecal,fecal,fecal,9.57E+08,4,4b,WD-ABX-INF,WD,ABX,INF,12
ST1021,67,5010,6160721,t=26,fecal,fecal,fecal,2.19E+09,4,4b,WD-ABX-INF,WD,ABX,INF,24
ST1033,68,5010,6160721,t=50,fecal,fecal,fecal,2.82E+09,4,4b,WD-ABX-INF,WD,ABX,INF,48
ST1039,69,5010,6160721,t=74,fecal,fecal,fecal,NA,4,4b,WD-ABX-INF,WD,ABX,INF,72
5010,70,5010,6160721,t=98,cec-L,cec-L,cec-L,1.66E+10,4,4b,WD-ABX-INF,WD,ABX,INF,96
5010,70,5010,6160721,t=98,col-L,fecal,fecal,1.04E+10,4,4b,WD-ABX-INF,WD,ABX,INF,96
5010,70,5010,6160721,t=98,fecal,fecal,fecal,NA,4,4b,WD-ABX-INF,WD,ABX,INF,96
5010,70,5010,6160721,t=98,ile-L,ile-L,ile-L,2.37E+06,4,4b,WD-ABX-INF,WD,ABX,INF,96
5010,70,5010,6160721,t=98,liv,liv,liv,0.00E+00,4,4b,WD-ABX-INF,WD,ABX,INF,96
5010,70,5010,6160721,t=98,MLN,MLN,MLN,2.51E+06,4,4b,WD-ABX-INF,WD,ABX,INF,96
5010,70,5010,6160721,t=98,spl,spl,spl,1.67E+06,4,4b,WD-ABX-INF,WD,ABX,INF,96
ST1441,66,6506,6183044,t=6,fecal,fecal,fecal,0,6,6,RC-PBS-INF,RC,PBS,INF,6
ST1453,66,6506,6183044,t=12,fecal,fecal,fecal,65789.47,6,6,RC-PBS-INF,RC,PBS,INF,12
ST1465,67,6506,6183044,t=24,fecal,fecal,fecal,5000,6,6,RC-PBS-INF,RC,PBS,INF,24
ST1477,68,6506,6183044,t=48,fecal,fecal,fecal,0,6,6,RC-PBS-INF,RC,PBS,INF,48
ST1489,69,6506,6183044,t=72,fecal,fecal,fecal,9842.52,6,6,RC-PBS-INF,RC,PBS,INF,72
ST1501,70,6506,6183044,t=96,cec-L,cec-L,cec-L,13185.65,6,6,RC-PBS-INF,RC,PBS,INF,96
ST1501,70,6506,6183044,t=96,col-L,fecal,fecal,45478.17,6,6,RC-PBS-INF,RC,PBS,INF,96
ST1501,70,6506,6183044,t=96,ile-L,ile-L,ile-L,14312.98,6,6,RC-PBS-INF,RC,PBS,INF,96
ST1501,70,6506,6183044,t=96,liv,liv,liv,0,6,6,RC-PBS-INF,RC,PBS,INF,96
ST1501,70,6506,6183044,t=96,MLN,MLN,MLN,0,6,6,RC-PBS-INF,RC,PBS,INF,96
ST1501,70,6506,6183044,t=96,spl,spl,spl,12479.2,6,6,RC-PBS-INF,RC,PBS,INF,96
ST1442,66,6507,6183044,t=6,fecal,fecal,fecal,202429.1,6,6,RC-PBS-INF,RC,PBS,INF,6
ST1454,66,6507,6183044,t=12,fecal,fecal,fecal,21676.3,6,6,RC-PBS-INF,RC,PBS,INF,12
ST1466,67,6507,6183044,t=24,fecal,fecal,fecal,25687500,6,6,RC-PBS-INF,RC,PBS,INF,24
ST1478,68,6507,6183044,t=48,fecal,fecal,fecal,68108.97,6,6,RC-PBS-INF,RC,PBS,INF,48
ST1490,69,6507,6183044,t=72,fecal,fecal,fecal,491573,6,6,RC-PBS-INF,RC,PBS,INF,72
ST1502,70,6507,6183044,t=96,cec-L,cec-L,cec-L,2.82E+08,6,6,RC-PBS-INF,RC,PBS,INF,96
ST1502,70,6507,6183044,t=96,col-L,fecal,fecal,89077103,6,6,RC-PBS-INF,RC,PBS,INF,96
ST1502,70,6507,6183044,t=96,ile-L,ile-L,ile-L,432389.9,6,6,RC-PBS-INF,RC,PBS,INF,96
ST1502,70,6507,6183044,t=96,liv,liv,liv,2945026,6,6,RC-PBS-INF,RC,PBS,INF,96
ST1502,70,6507,6183044,t=96,MLN,MLN,MLN,2183219,6,6,RC-PBS-INF,RC,PBS,INF,96
ST1502,70,6507,6183044,t=96,spl,spl,spl,23474178,6,6,RC-PBS-INF,RC,PBS,INF,96
ST1443,66,6508,6183044,t=6,fecal,fecal,fecal,904977.4,6,6,RC-PBS-INF,RC,PBS,INF,6
ST1455,66,6508,6183044,t=12,fecal,fecal,fecal,660112.4,6,6,RC-PBS-INF,RC,PBS,INF,12
ST1467,67,6508,6183044,t=24,fecal,fecal,fecal,30827703,6,6,RC-PBS-INF,RC,PBS,INF,24
ST1479,68,6508,6183044,t=48,fecal,fecal,fecal,107558.1,6,6,RC-PBS-INF,RC,PBS,INF,48
ST1491,69,6508,6183044,t=72,fecal,fecal,fecal,1154891,6,6,RC-PBS-INF,RC,PBS,INF,72
ST1503,70,6508,6183044,t=96,cec-L,cec-L,cec-L,1303606,6,6,RC-PBS-INF,RC,PBS,INF,96
ST1503,70,6508,6183044,t=96,col-L,fecal,fecal,2002762,6,6,RC-PBS-INF,RC,PBS,INF,96
ST1503,70,6508,6183044,t=96,ile-L,ile-L,ile-L,147405.7,6,6,RC-PBS-INF,RC,PBS,INF,96
ST1503,70,6508,6183044,t=96,liv,liv,liv,933610,6,6,RC-PBS-INF,RC,PBS,INF,96
ST1503,70,6508,6183044,t=96,MLN,MLN,MLN,4041165,6,6,RC-PBS-INF,RC,PBS,INF,96
ST1503,70,6508,6183044,t=96,spl,spl,spl,4.49E+08,6,6,RC-PBS-INF,RC,PBS,INF,96
ST1444,66,6509,6183045,t=6,fecal,fecal,fecal,271739.1,6,6,WD-PBS-INF,WD,PBS,INF,6
ST1456,66,6509,6183045,t=12,fecal,fecal,fecal,39441.75,6,6,WD-PBS-INF,WD,PBS,INF,12
ST1468,67,6509,6183045,t=24,fecal,fecal,fecal,373809.5,6,6,WD-PBS-INF,WD,PBS,INF,24
ST1480,68,6509,6183045,t=48,fecal,fecal,fecal,39062.5,6,6,WD-PBS-INF,WD,PBS,INF,48
ST1492,69,6509,6183045,t=72,fecal,fecal,fecal,5303030,6,6,WD-PBS-INF,WD,PBS,INF,72
ST1504,70,6509,6183045,t=96,cec-L,cec-L,cec-L,18965517,6,6,WD-PBS-INF,WD,PBS,INF,96
ST1504,70,6509,6183045,t=96,col-L,fecal,fecal,49555016,6,6,WD-PBS-INF,WD,PBS,INF,96
ST1504,70,6509,6183045,t=96,ile-L,ile-L,ile-L,571895.4,6,6,WD-PBS-INF,WD,PBS,INF,96
ST1504,70,6509,6183045,t=96,liv,liv,liv,2077562,6,6,WD-PBS-INF,WD,PBS,INF,96
ST1504,70,6509,6183045,t=96,MLN,MLN,MLN,3765369,6,6,WD-PBS-INF,WD,PBS,INF,96
ST1504,70,6509,6183045,t=96,spl,spl,spl,1.10E+08,6,6,WD-PBS-INF,WD,PBS,INF,96
ST1445,66,6510,6183045,t=6,fecal,fecal,fecal,0,6,6,WD-PBS-INF,WD,PBS,INF,6
ST1457,66,6510,6183045,t=12,fecal,fecal,fecal,14534.88,6,6,WD-PBS-INF,WD,PBS,INF,12
ST1469,67,6510,6183045,t=24,fecal,fecal,fecal,1.70E+08,6,6,WD-PBS-INF,WD,PBS,INF,24
ST1481,68,6510,6183045,t=48,fecal,fecal,fecal,518685.6,6,6,WD-PBS-INF,WD,PBS,INF,48
ST1493,69,6510,6183045,t=72,fecal,fecal,fecal,12613636,6,6,WD-PBS-INF,WD,PBS,INF,72
ST1505,70,6510,6183045,t=96,cec-L,cec-L,cec-L,4.81E+08,6,6,WD-PBS-INF,WD,PBS,INF,96
ST1505,70,6510,6183045,t=96,col-L,fecal,fecal,9.54E+08,6,6,WD-PBS-INF,WD,PBS,INF,96
ST1505,70,6510,6183045,t=96,ile-L,ile-L,ile-L,2.14E+08,6,6,WD-PBS-INF,WD,PBS,INF,96
ST1505,70,6510,6183045,t=96,liv,liv,liv,1090802,6,6,WD-PBS-INF,WD,PBS,INF,96
ST1505,70,6510,6183045,t=96,MLN,MLN,MLN,10957792,6,6,WD-PBS-INF,WD,PBS,INF,96
ST1505,70,6510,6183045,t=96,spl,spl,spl,38314176,6,6,WD-PBS-INF,WD,PBS,INF,96
ST1446,66,6511,6183045,t=6,fecal,fecal,fecal,0,6,6,WD-PBS-INF,WD,PBS,INF,6
ST1458,66,6511,6183045,t=12,fecal,fecal,fecal,0,6,6,WD-PBS-INF,WD,PBS,INF,12
ST1470,67,6511,6183045,t=24,fecal,fecal,fecal,232758.6,6,6,WD-PBS-INF,WD,PBS,INF,24
ST1482,68,6511,6183045,t=48,fecal,fecal,fecal,765224.4,6,6,WD-PBS-INF,WD,PBS,INF,48
ST1494,69,6511,6183045,t=72,fecal,fecal,fecal,43103.45,6,6,WD-PBS-INF,WD,PBS,INF,72
ST1506,70,6511,6183045,t=96,cec-L,cec-L,cec-L,1.42E+08,6,6,WD-PBS-INF,WD,PBS,INF,96
ST1506,70,6511,6183045,t=96,col-L,fecal,fecal,1.13E+08,6,6,WD-PBS-INF,WD,PBS,INF,96
ST1506,70,6511,6183045,t=96,ile-L,ile-L,ile-L,2.66E+08,6,6,WD-PBS-INF,WD,PBS,INF,96
ST1506,70,6511,6183045,t=96,liv,liv,liv,3563596,6,6,WD-PBS-INF,WD,PBS,INF,96
ST1506,70,6511,6183045,t=96,MLN,MLN,MLN,6271044,6,6,WD-PBS-INF,WD,PBS,INF,96
ST1506,70,6511,6183045,t=96,spl,spl,spl,99321705,6,6,WD-PBS-INF,WD,PBS,INF,96
ST1447,66,6512,6183046,t=6,fecal,fecal,fecal,129032.3,6,6,RC-ABX-INF,RC,ABX,INF,6
ST1459,66,6512,6183046,t=12,fecal,fecal,fecal,11363.64,6,6,RC-ABX-INF,RC,ABX,INF,12
ST1471,67,6512,6183046,t=24,fecal,fecal,fecal,156250,6,6,RC-ABX-INF,RC,ABX,INF,24
ST1483,68,6512,6183046,t=48,fecal,fecal,fecal,35377.36,6,6,RC-ABX-INF,RC,ABX,INF,48
ST1495,69,6512,6183046,t=72,fecal,fecal,fecal,0,6,6,RC-ABX-INF,RC,ABX,INF,72
ST1507,70,6512,6183046,t=96,cec-L,cec-L,cec-L,1145.738,6,6,RC-ABX-INF,RC,ABX,INF,96
ST1507,70,6512,6183046,t=96,col-L,fecal,fecal,0,6,6,RC-ABX-INF,RC,ABX,INF,96
ST1507,70,6512,6183046,t=96,ile-L,ile-L,ile-L,0,6,6,RC-ABX-INF,RC,ABX,INF,96
ST1507,70,6512,6183046,t=96,liv,liv,liv,0,6,6,RC-ABX-INF,RC,ABX,INF,96
ST1507,70,6512,6183046,t=96,MLN,MLN,MLN,0,6,6,RC-ABX-INF,RC,ABX,INF,96
ST1507,70,6512,6183046,t=96,spl,spl,spl,0,6,6,RC-ABX-INF,RC,ABX,INF,96
ST1448,66,6513,6183046,t=6,fecal,fecal,fecal,24350.65,6,6,RC-ABX-INF,RC,ABX,INF,6
ST1460,66,6513,6183046,t=12,fecal,fecal,fecal,35714.29,6,6,RC-ABX-INF,RC,ABX,INF,12
ST1472,67,6513,6183046,t=24,fecal,fecal,fecal,312500,6,6,RC-ABX-INF,RC,ABX,INF,24
ST1484,68,6513,6183046,t=48,fecal,fecal,fecal,15120.97,6,6,RC-ABX-INF,RC,ABX,INF,48
ST1496,69,6513,6183046,t=72,fecal,fecal,fecal,163216.6,6,6,RC-ABX-INF,RC,ABX,INF,72
ST1508,70,6513,6183046,t=96,cec-L,cec-L,cec-L,1340180,6,6,RC-ABX-INF,RC,ABX,INF,96
ST1508,70,6513,6183046,t=96,col-L,fecal,fecal,1442308,6,6,RC-ABX-INF,RC,ABX,INF,96
ST1508,70,6513,6183046,t=96,ile-L,ile-L,ile-L,64964.16,6,6,RC-ABX-INF,RC,ABX,INF,96
ST1508,70,6513,6183046,t=96,liv,liv,liv,1159502,6,6,RC-ABX-INF,RC,ABX,INF,96
ST1508,70,6513,6183046,t=96,MLN,MLN,MLN,233209,6,6,RC-ABX-INF,RC,ABX,INF,96
ST1508,70,6513,6183046,t=96,spl,spl,spl,33656958,6,6,RC-ABX-INF,RC,ABX,INF,96
ST1449,66,6514,6183046,t=6,fecal,fecal,fecal,195446.7,6,6,RC-ABX-INF,RC,ABX,INF,6
ST1461,66,6514,6183046,t=12,fecal,fecal,fecal,102272.7,6,6,RC-ABX-INF,RC,ABX,INF,12
ST1473,67,6514,6183046,t=24,fecal,fecal,fecal,873983.7,6,6,RC-ABX-INF,RC,ABX,INF,24
ST1485,68,6514,6183046,t=48,fecal,fecal,fecal,70754.72,6,6,RC-ABX-INF,RC,ABX,INF,48
ST1497,69,6514,6183046,t=72,fecal,fecal,fecal,907622.7,6,6,RC-ABX-INF,RC,ABX,INF,72
ST1509,70,6514,6183046,t=96,cec-L,cec-L,cec-L,1131306,6,6,RC-ABX-INF,RC,ABX,INF,96
ST1509,70,6514,6183046,t=96,col-L,fecal,fecal,933257.9,6,6,RC-ABX-INF,RC,ABX,INF,96
ST1509,70,6514,6183046,t=96,ile-L,ile-L,ile-L,1139201,6,6,RC-ABX-INF,RC,ABX,INF,96
ST1509,70,6514,6183046,t=96,liv,liv,liv,373277.2,6,6,RC-ABX-INF,RC,ABX,INF,96
ST1509,70,6514,6183046,t=96,MLN,MLN,MLN,14821429,6,6,RC-ABX-INF,RC,ABX,INF,96
ST1509,70,6514,6183046,t=96,spl,spl,spl,6519784,6,6,RC-ABX-INF,RC,ABX,INF,96
ST1450,66,6515,6183047,t=6,fecal,fecal,fecal,6510417,6,6,WD-ABX-INF,WD,ABX,INF,6
ST1462,66,6515,6183047,t=12,fecal,fecal,fecal,36392405,6,6,WD-ABX-INF,WD,ABX,INF,12
ST1474,67,6515,6183047,t=24,fecal,fecal,fecal,7.30E+11,6,6,WD-ABX-INF,WD,ABX,INF,24
ST1486,68,6515,6183047,t=48,fecal,fecal,fecal,50742188,6,6,WD-ABX-INF,WD,ABX,INF,48
ST1498,69,6515,6183047,t=72,fecal,fecal,fecal,7.57E+12,6,6,WD-ABX-INF,WD,ABX,INF,72
ST1510,70,6515,6183047,t=96,cec-L,cec-L,cec-L,5.51E+09,6,6,WD-ABX-INF,WD,ABX,INF,96
ST1510,70,6515,6183047,t=96,col-L,fecal,fecal,1.65E+09,6,6,WD-ABX-INF,WD,ABX,INF,96
ST1510,70,6515,6183047,t=96,ile-L,ile-L,ile-L,1.82E+09,6,6,WD-ABX-INF,WD,ABX,INF,96
ST1510,70,6515,6183047,t=96,liv,liv,liv,56438127,6,6,WD-ABX-INF,WD,ABX,INF,96
ST1510,70,6515,6183047,t=96,MLN,MLN,MLN,9.40E+10,6,6,WD-ABX-INF,WD,ABX,INF,96
ST1510,70,6515,6183047,t=96,spl,spl,spl,2.41E+10,6,6,WD-ABX-INF,WD,ABX,INF,96
ST1451,66,6516,6183047,t=6,fecal,fecal,fecal,35714.29,6,6,WD-ABX-INF,WD,ABX,INF,6
ST1463,66,6516,6183047,t=12,fecal,fecal,fecal,41243655,6,6,WD-ABX-INF,WD,ABX,INF,12
ST1475,67,6516,6183047,t=24,fecal,fecal,fecal,1.27E+11,6,6,WD-ABX-INF,WD,ABX,INF,24
ST1487,68,6516,6183047,t=48,fecal,fecal,fecal,No Sample,6,6,WD-ABX-INF,WD,ABX,INF,48
ST1499,69,6516,6183047,t=72,fecal,fecal,fecal,1.09E+11,6,6,WD-ABX-INF,WD,ABX,INF,72
ST1511,70,6516,6183047,t=96,cec-L,cec-L,cec-L,5.41E+08,6,6,WD-ABX-INF,WD,ABX,INF,96
ST1511,70,6516,6183047,t=96,col-L,fecal,fecal,1.00E+09,6,6,WD-ABX-INF,WD,ABX,INF,96
ST1511,70,6516,6183047,t=96,ile-L,ile-L,ile-L,1.04E+10,6,6,WD-ABX-INF,WD,ABX,INF,96
ST1511,70,6516,6183047,t=96,liv,liv,liv,1480263,6,6,WD-ABX-INF,WD,ABX,INF,96
ST1511,70,6516,6183047,t=96,MLN,MLN,MLN,44915254,6,6,WD-ABX-INF,WD,ABX,INF,96
ST1511,70,6516,6183047,t=96,spl,spl,spl,78782708,6,6,WD-ABX-INF,WD,ABX,INF,96
ST1452,66,6517,6183047,t=6,fecal,fecal,fecal,3787879,6,6,WD-ABX-INF,WD,ABX,INF,6
ST1464,66,6517,6183047,t=12,fecal,fecal,fecal,80236.49,6,6,WD-ABX-INF,WD,ABX,INF,12
ST1476,67,6517,6183047,t=24,fecal,fecal,fecal,3.86E+10,6,6,WD-ABX-INF,WD,ABX,INF,24
ST1488,68,6517,6183047,t=48,fecal,fecal,fecal,4.08E+12,6,6,WD-ABX-INF,WD,ABX,INF,48
ST1500,69,6517,6183047,t=72,fecal,fecal,fecal,5.90E+10,6,6,WD-ABX-INF,WD,ABX,INF,72
ST1512,70,6517,6183047,t=96,cec-L,cec-L,cec-L,8.64E+08,6,6,WD-ABX-INF,WD,ABX,INF,96
ST1512,70,6517,6183047,t=96,col-L,fecal,fecal,4.43E+08,6,6,WD-ABX-INF,WD,ABX,INF,96
ST1512,70,6517,6183047,t=96,ile-L,ile-L,ile-L,3.14E+08,6,6,WD-ABX-INF,WD,ABX,INF,96
ST1512,70,6517,6183047,t=96,liv,liv,liv,1513035,6,6,WD-ABX-INF,WD,ABX,INF,96
ST1512,70,6517,6183047,t=96,MLN,MLN,MLN,23684211,6,6,WD-ABX-INF,WD,ABX,INF,96
ST1512,70,6517,6183047,t=96,spl,spl,spl,1.12E+08,6,6,WD-ABX-INF,WD,ABX,INF,96
ST980,65.25,NT,6160720,t=6,fecal,fecal,fecal,0.00E+00,4,4a,WD-ABX-INF,RC,ABX,INF,6
ST989,65.5,NT,6160720,t=12,fecal,fecal,fecal,0.00E+00,4,4a,WD-ABX-INF,WD,ABX,INF,12
ST995,66,NT,6160720,t=24,fecal,fecal,fecal,2.40E+05,4,4a,WD-ABX-INF,WD,ABX,INF,24
ST1013,67,NT,6160720,t=48,fecal,fecal,fecal,6.89E+09,4,4a,WD-ABX-INF,WD,ABX,INF,48
ST1025,68,NT,6160720,t=72,fecal,fecal,fecal,1.92E+10,4,4a,WD-ABX-INF,WD,ABX,INF,72
NT,69,NT,6160720,t=96,cec-L,cec-L,cec-L,1.76E+11,4,4a,WD-ABX-INF,WD,ABX,INF,96
NT,69,NT,6160720,t=96,col-L,fecal,fecal,1.64E+10,4,4a,WD-ABX-INF,WD,ABX,INF,96
NT,69,NT,6160720,t=96,fecal,fecal,fecal,NA,4,4a,WD-ABX-INF,WD,ABX,INF,96
NT,69,NT,6160720,t=96,ile-L,ile-L,ile-L,1.71E+10,4,4a,WD-ABX-INF,WD,ABX,INF,96
NT,69,NT,6160720,t=96,liv,liv,liv,1.00E+07,4,4a,WD-ABX-INF,WD,ABX,INF,96
NT,69,NT,6160720,t=96,MLN,MLN,MLN,3.62E+06,4,4a,WD-ABX-INF,WD,ABX,INF,96
NT,69,NT,6160720,t=96,spl,spl,spl,2.13E+07,4,4a,WD-ABX-INF,WD,ABX,INF,96
ST982,65.25,NT.2,6160720,t=6,fecal,fecal,fecal,0.00E+00,4,4a,WD-ABX-INF,RC,ABX,INF,6
ST991,65.5,NT.2,6160720,t=12,fecal,fecal,fecal,7.16E+05,4,4a,WD-ABX-INF,WD,ABX,INF,12
ST997,66,NT.2,6160720,t=24,fecal,fecal,fecal,4.28E+08,4,4a,WD-ABX-INF,WD,ABX,INF,24
ST1015,67,NT.2,6160720,t=48,fecal,fecal,fecal,3.40E+09,4,4a,WD-ABX-INF,WD,ABX,INF,48
ST1027,68,NT.2,6160720,t=72,fecal,fecal,fecal,8.00E+09,4,4a,WD-ABX-INF,WD,ABX,INF,72
NT.2,69,NT.2,6160720,t=96,cec-L,cec-L,cec-L,6.43E+10,4,4a,WD-ABX-INF,WD,ABX,INF,96
NT.2,69,NT.2,6160720,t=96,col-L,fecal,col-L,3.86E+09,4,4a,WD-ABX-INF,WD,ABX,INF,96
NT.2,69,NT.2,6160720,t=96,fecal,fecal,fecal,1.06E+09,4,4a,WD-ABX-INF,WD,ABX,INF,96
NT.2,69,NT.2,6160720,t=96,ile-L,ile-L,ile-L,9.25E+06,4,4a,WD-ABX-INF,WD,ABX,INF,96
NT.2,69,NT.2,6160720,t=96,liv,liv,liv,4.81E+05,4,4a,WD-ABX-INF,WD,ABX,INF,96
NT.2,69,NT.2,6160720,t=96,MLN,MLN,MLN,1.86E+06,4,4a,WD-ABX-INF,WD,ABX,INF,96
NT.2,69,NT.2,6160720,t=96,spl,spl,spl,1.62E+07,4,4a,WD-ABX-INF,WD,ABX,INF,96
ST1833,66,7651,6239069,t=6,fecal,fecal,fecal,3.28E+08,8,8,RC-PBS-INF,RC,PBS,INF,6
ST1834,66,7652,6239069,t=6,fecal,fecal,fecal,1.92E+08,8,8,RC-PBS-INF,RC,PBS,INF,6
ST1835,66,7653,6239069,t=6,fecal,fecal,fecal,4.90E+08,8,8,RC-PBS-INF,RC,PBS,INF,6
ST1836,66,7654,6239069,t=6,fecal,fecal,fecal,1.86E+08,8,8,RC-PBS-INF,RC,PBS,INF,6
ST1837,66,7647,6239070,t=6,fecal,fecal,fecal,1.10E+08,8,8,RC-ABX-INF,RC,ABX,INF,6
ST1838,66,7648,6239070,t=6,fecal,fecal,fecal,1.24E+08,8,8,RC-ABX-INF,RC,ABX,INF,6
ST1839,66,7649,6239070,t=6,fecal,fecal,fecal,1.13E+07,8,8,RC-ABX-INF,RC,ABX,INF,6
ST1840,66,7650,6239070,t=6,fecal,fecal,fecal,2.56E+07,8,8,RC-ABX-INF,RC,ABX,INF,6
ST1841,66,7639,6239072,t=6,fecal,fecal,fecal,5.85E+07,8,8,WD-PBS-INF,WD,PBS,INF,6
ST1842,66,7640,6239072,t=6,fecal,fecal,fecal,8.12E+08,8,8,WD-PBS-INF,WD,PBS,INF,6
ST1843,66,7641,6239072,t=6,fecal,fecal,fecal,3.91E+09,8,8,WD-PBS-INF,WD,PBS,INF,6
ST1844,66,7642,6239072,t=6,fecal,fecal,fecal,1.49E+08,8,8,WD-PBS-INF,WD,PBS,INF,6
ST1845,66,7643,6239071,t=6,fecal,fecal,fecal,2.02E+11,8,8,WD-ABX-INF,WD,ABX,INF,6
ST1846,66,7644,6239071,t=6,fecal,fecal,fecal,1.17E+11,8,8,WD-ABX-INF,WD,ABX,INF,6
ST1847,66,7645,6239071,t=6,fecal,fecal,fecal,-,8,8,WD-ABX-INF,WD,ABX,INF,6
ST1848,66,7646,6239071,t=6,fecal,fecal,fecal,7.10E+10,8,8,WD-ABX-INF,WD,ABX,INF,6
ST1849,66,7651,6239069,t=12,fecal,fecal,fecal,1888298,8,8,RC-PBS-INF,RC,PBS,INF,12
ST1850,66,7652,6239069,t=12,fecal,fecal,fecal,8333333,8,8,RC-PBS-INF,RC,PBS,INF,12
ST1851,66,7653,6239069,t=12,fecal,fecal,fecal,2533784,8,8,RC-PBS-INF,RC,PBS,INF,12
ST1852,66,7654,6239069,t=12,fecal,fecal,fecal,8903302,8,8,RC-PBS-INF,RC,PBS,INF,12
ST1853,66,7647,6239070,t=12,fecal,fecal,fecal,535714.3,8,8,RC-ABX-INF,RC,ABX,INF,12
ST1854,66,7648,6239070,t=12,fecal,fecal,fecal,825471.7,8,8,RC-ABX-INF,RC,ABX,INF,12
ST1855,66,7649,6239070,t=12,fecal,fecal,fecal,1445578,8,8,RC-ABX-INF,RC,ABX,INF,12
ST1856,66,7650,6239070,t=12,fecal,fecal,fecal,154321,8,8,RC-ABX-INF,RC,ABX,INF,12
ST1857,66,7639,6239072,t=12,fecal,fecal,fecal,684931.5,8,8,WD-PBS-INF,WD,PBS,INF,12
ST1858,66,7640,6239072,t=12,fecal,fecal,fecal,4166667,8,8,WD-PBS-INF,WD,PBS,INF,12
ST1859,66,7641,6239072,t=12,fecal,fecal,fecal,2349291,8,8,WD-PBS-INF,WD,PBS,INF,12
ST1860,66,7642,6239072,t=12,fecal,fecal,fecal,3502747,8,8,WD-PBS-INF,WD,PBS,INF,12
ST1861,66,7643,6239071,t=12,fecal,fecal,fecal,70093458,8,8,WD-ABX-INF,WD,ABX,INF,12
ST1862,66,7644,6239071,t=12,fecal,fecal,fecal,81713781,8,8,WD-ABX-INF,WD,ABX,INF,12
ST1863,66,7645,6239071,t=12,fecal,fecal,fecal,3.35E+08,8,8,WD-ABX-INF,WD,ABX,INF,12
ST1864,66,7646,6239071,t=12,fecal,fecal,fecal,1.38E+08,8,8,WD-ABX-INF,WD,ABX,INF,12
ST1865,67,7651,6239069,t=24,fecal,fecal,fecal,45454.55,8,8,RC-PBS-INF,RC,PBS,INF,24
ST1866,67,7652,6239069,t=24,fecal,fecal,fecal,31362.01,8,8,RC-PBS-INF,RC,PBS,INF,24
ST1867,67,7653,6239069,t=24,fecal,fecal,fecal,0,8,8,RC-PBS-INF,RC,PBS,INF,24
ST1868,67,7654,6239069,t=24,fecal,fecal,fecal,120412.8,8,8,RC-PBS-INF,RC,PBS,INF,24
ST1869,67,7647,6239070,t=24,fecal,fecal,fecal,281862.7,8,8,RC-ABX-INF,RC,ABX,INF,24
ST1870,67,7648,6239070,t=24,fecal,fecal,fecal,398250.5,8,8,RC-ABX-INF,RC,ABX,INF,24
ST1871,67,7649,6239070,t=24,fecal,fecal,fecal,7.19E+08,8,8,RC-ABX-INF,RC,ABX,INF,24
ST1872,67,7650,6239070,t=24,fecal,fecal,fecal,8928.571,8,8,RC-ABX-INF,RC,ABX,INF,24
ST1873,67,7639,6239072,t=24,fecal,fecal,fecal,0,8,8,WD-PBS-INF,WD,PBS,INF,24
ST1874,67,7640,6239072,t=24,fecal,fecal,fecal,1.18E+08,8,8,WD-PBS-INF,WD,PBS,INF,24
ST1875,67,7641,6239072,t=24,fecal,fecal,fecal,33293461,8,8,WD-PBS-INF,WD,PBS,INF,24
ST1876,67,7642,6239072,t=24,fecal,fecal,fecal,167338.7,8,8,WD-PBS-INF,WD,PBS,INF,24
ST1877,67,7643,6239071,t=24,fecal,fecal,fecal,4.70E+10,8,8,WD-ABX-INF,WD,ABX,INF,24
ST1878,67,7644,6239071,t=24,fecal,fecal,fecal,3.35E+10,8,8,WD-ABX-INF,WD,ABX,INF,24
ST1879,67,7645,6239071,t=24,fecal,fecal,fecal,3.17E+11,8,8,WD-ABX-INF,WD,ABX,INF,24
ST1880,67,7646,6239071,t=24,fecal,fecal,fecal,1.24E+11,8,8,WD-ABX-INF,WD,ABX,INF,24
ST1881,68,7651,6239069,t=48,fecal,fecal,fecal,0,8,8,RC-PBS-INF,RC,PBS,INF,48
ST1882,68,7652,6239069,t=48,fecal,fecal,fecal,10162.6,8,8,RC-PBS-INF,RC,PBS,INF,48
ST1883,68,7653,6239069,t=48,fecal,fecal,fecal,0,8,8,RC-PBS-INF,RC,PBS,INF,48
ST1884,68,7654,6239069,t=48,fecal,fecal,fecal,1855469,8,8,RC-PBS-INF,RC,PBS,INF,48
ST1885,68,7647,6239070,t=48,fecal,fecal,fecal,93930.64,8,8,RC-ABX-INF,RC,ABX,INF,48
ST1886,68,7648,6239070,t=48,fecal,fecal,fecal,81081.08,8,8,RC-ABX-INF,RC,ABX,INF,48
ST1887,68,7649,6239070,t=48,fecal,fecal,fecal,1.16E+12,8,8,RC-ABX-INF,RC,ABX,INF,48
ST1888,68,7650,6239070,t=48,fecal,fecal,fecal,0,8,8,RC-ABX-INF,RC,ABX,INF,48
ST1889,68,7639,6239072,t=48,fecal,fecal,fecal,12626.26,8,8,WD-PBS-INF,WD,PBS,INF,48
ST1890,68,7640,6239072,t=48,fecal,fecal,fecal,1.08E+08,8,8,WD-PBS-INF,WD,PBS,INF,48
ST1892,68,7642,6239072,t=48,fecal,fecal,fecal,92857.14,8,8,WD-PBS-INF,WD,PBS,INF,48
ST1893,68,7643,6239071,t=48,fecal,fecal,fecal,6.43E+11,8,8,WD-ABX-INF,WD,ABX,INF,48
ST1894,68,7644,6239071,t=48,fecal,fecal,fecal,3.54E+11,8,8,WD-ABX-INF,WD,ABX,INF,48
ST1895,68,7645,6239071,t=48,fecal,fecal,fecal,1.27E+11,8,8,WD-ABX-INF,WD,ABX,INF,48
ST1896,68,7646,6239071,t=48,fecal,fecal,fecal,4.57E+11,8,8,WD-ABX-INF,WD,ABX,INF,48
ST1897,69,7651,6239069,t=72,fecal,fecal,fecal,19083.97,8,8,RC-PBS-INF,RC,PBS,INF,72
ST1898,69,7652,6239069,t=72,fecal,fecal,fecal,4355.401,8,8,RC-PBS-INF,RC,PBS,INF,72
ST1899,69,7653,6239069,t=72,fecal,fecal,fecal,347985.3,8,8,RC-PBS-INF,RC,PBS,INF,72
ST1900,69,7654,6239069,t=72,fecal,fecal,fecal,35211.27,8,8,RC-PBS-INF,RC,PBS,INF,72
ST1901,69,7647,6239070,t=72,fecal,fecal,fecal,2957317,8,8,RC-ABX-INF,RC,ABX,INF,72
ST1902,69,7648,6239070,t=72,fecal,fecal,fecal,13020.83,8,8,RC-ABX-INF,RC,ABX,INF,72
ST1903,69,7649,6239070,t=72,fecal,fecal,fecal,9.33E+11,8,8,RC-ABX-INF,RC,ABX,INF,72
ST1904,69,7650,6239070,t=72,fecal,fecal,fecal,0,8,8,RC-ABX-INF,RC,ABX,INF,72
ST1905,69,7639,6239072,t=72,fecal,fecal,fecal,1.51E+08,8,8,WD-PBS-INF,WD,PBS,INF,72
ST1906,69,7640,6239072,t=72,fecal,fecal,fecal,4.58E+10,8,8,WD-PBS-INF,WD,PBS,INF,72
ST1908,69,7642,6239072,t=72,fecal,fecal,fecal,2.21E+07,8,8,WD-PBS-INF,WD,PBS,INF,72
ST1909,69,7643,6239071,t=72,fecal,fecal,fecal,2.21E+12,8,8,WD-ABX-INF,WD,ABX,INF,72
ST1910,69,7644,6239071,t=72,fecal,fecal,fecal,2.74E+12,8,8,WD-ABX-INF,WD,ABX,Inf,72
ST1911,69,7645,6239071,t=72,fecal,fecal,fecal,1.77E+12,8,8,WD-ABX-INF,WD,ABX,Inf,72
ST1912,69,7646,6239071,t=72,fecal,fecal,fecal,2.60E+12,8,8,WD-ABX-INF,WD,ABX,INF,72
7651,70,7651,6239069,t=96,MLN,MLN,MLN,6901041.667,8,8,RC-PBS-INF,RC,PBS,INF,96
7651,70,7651,6239069,t=96,spl,spl,spl,0.00E+00,8,8,RC-PBS-INF,RC,PBS,INF,96
7651,70,7651,6239069,t=96,liv,liv,liv,0.00E+00,8,8,RC-PBS-INF,RC,PBS,INF,96
7651,70,7651,6239069,t=96,ile-L,ile-L,ile-L,0.00E+00,8,8,RC-PBS-INF,RC,PBS,INF,96
7651,70,7651,6239069,t=96,cec-L,cec-L,cec-L,10711.22536,8,8,RC-PBS-INF,RC,PBS,INF,96
7651,70,7651,6239069,t=96,col-L,fecal,fecal,79365.07937,8,8,RC-PBS-INF,RC,PBS,INF,96
7652,70,7652,6239069,t=96,MLN,MLN,MLN,1466049.383,8,8,RC-PBS-INF,RC,PBS,INF,96
7652,70,7652,6239069,t=96,spl,spl,spl,0,8,8,RC-PBS-INF,RC,PBS,INF,96
7652,70,7652,6239069,t=96,liv,liv,liv,523399.0148,8,8,RC-PBS-INF,RC,PBS,INF,96
7652,70,7652,6239069,t=96,ile-L,ile-L,ile-L,237025.9481,8,8,RC-PBS-INF,RC,PBS,INF,96
7652,70,7652,6239069,t=96,cec-L,cec-L,cec-L,94528.46975,8,8,RC-PBS-INF,RC,PBS,INF,96
7652,70,7652,6239069,t=96,col-L,fecal,fecal,295992.714,8,8,RC-PBS-INF,RC,PBS,INF,96
7653,70,7653,6239069,t=96,MLN,MLN,MLN,30562.34719,8,8,RC-PBS-INF,RC,PBS,INF,96
7653,70,7653,6239069,t=96,spl,spl,spl,0,8,8,RC-PBS-INF,RC,PBS,INF,96
7653,70,7653,6239069,t=96,liv,liv,liv,0,8,8,RC-PBS-INF,RC,PBS,INF,96
7653,70,7653,6239069,t=96,ile-L,ile-L,ile-L,948316.7378,8,8,RC-PBS-INF,RC,PBS,INF,96
7653,70,7653,6239069,t=96,cec-L,cec-L,cec-L,102669.4045,8,8,RC-PBS-INF,RC,PBS,INF,96
7653,70,7653,6239069,t=96,col-L,fecal,fecal,440219.8295,8,8,RC-PBS-INF,RC,PBS,INF,96
7654,70,7654,6239069,t=96,MLN,MLN,MLN,3450106.157,8,8,RC-PBS-INF,RC,PBS,INF,96
7654,70,7654,6239069,t=96,spl,spl,spl,53191.48936,8,8,RC-PBS-INF,RC,PBS,INF,96
7654,70,7654,6239069,t=96,liv,liv,liv,0,8,8,RC-PBS-INF,RC,PBS,INF,96
7654,70,7654,6239069,t=96,ile-L,ile-L,ile-L,144316.1634,8,8,RC-PBS-INF,RC,PBS,INF,96
7654,70,7654,6239069,t=96,cec-L,cec-L,cec-L,0,8,8,RC-PBS-INF,RC,PBS,INF,96
7654,70,7654,6239069,t=96,col-L,fecal,fecal,117583.2127,8,8,RC-PBS-INF,RC,PBS,INF,96
7647,70,7647,6239070,t=96,MLN,MLN,MLN,0,8,8,RC-ABX-INF,RC,ABX,INF,96
7647,70,7647,6239070,t=96,spl,spl,spl,16304347.83,8,8,RC-ABX-INF,RC,ABX,INF,96
7647,70,7647,6239070,t=96,liv,liv,liv,717703.3493,8,8,RC-ABX-INF,RC,ABX,INF,96
7647,70,7647,6239070,t=96,ile-L,ile-L,ile-L,736464.9682,8,8,RC-ABX-INF,RC,ABX,INF,96
7647,70,7647,6239070,t=96,cec-L,cec-L,cec-L,5208333.333,8,8,RC-ABX-INF,RC,ABX,INF,96
7647,70,7647,6239070,t=96,col-L,fecal,fecal,4047927.461,8,8,RC-ABX-INF,RC,ABX,INF,96
7648,70,7648,6239070,t=96,MLN,MLN,MLN,639204.5455,8,8,RC-ABX-INF,RC,ABX,INF,96
7648,70,7648,6239070,t=96,spl,spl,spl,537634.4086,8,8,RC-ABX-INF,RC,ABX,INF,96
7648,70,7648,6239070,t=96,liv,liv,liv,0,8,8,RC-ABX-INF,RC,ABX,INF,96
7648,70,7648,6239070,t=96,ile-L,ile-L,ile-L,200064.0205,8,8,RC-ABX-INF,RC,ABX,INF,96
7648,70,7648,6239070,t=96,cec-L,cec-L,cec-L,101010.101,8,8,RC-ABX-INF,RC,ABX,INF,96
7648,70,7648,6239070,t=96,col-L,fecal,fecal,33875.33875,8,8,RC-ABX-INF,RC,ABX,INF,96
7649,70,7649,6239070,t=96,MLN,MLN,MLN,89144215.53,8,8,RC-ABX-INF,RC,ABX,INF,96
7649,70,7649,6239070,t=96,spl,spl,spl,35755148.74,8,8,RC-ABX-INF,RC,ABX,INF,96
7649,70,7649,6239070,t=96,liv,liv,liv,1870598.592,8,8,RC-ABX-INF,RC,ABX,INF,96
7649,70,7649,6239070,t=96,ile-L,ile-L,ile-L,4921259843,8,8,RC-ABX-INF,RC,ABX,INF,96
7649,70,7649,6239070,t=96,cec-L,cec-L,cec-L,27511961722,8,8,RC-ABX-INF,RC,ABX,INF,96
7649,70,7649,6239070,t=96,col-L,fecal,fecal,29329608939,8,8,RC-ABX-INF,RC,ABX,INF,96
7650,70,7650,6239070,t=96,MLN,MLN,MLN,190839.6947,8,8,RC-ABX-INF,RC,ABX,INF,96
7650,70,7650,6239070,t=96,spl,spl,spl,0,8,8,RC-ABX-INF,RC,ABX,INF,96
7650,70,7650,6239070,t=96,liv,liv,liv,0,8,8,RC-ABX-INF,RC,ABX,INF,96
7650,70,7650,6239070,t=96,ile-L,ile-L,ile-L,0,8,8,RC-ABX-INF,RC,ABX,INF,96
7650,70,7650,6239070,t=96,cec-L,cec-L,cec-L,44483.98577,8,8,RC-ABX-INF,RC,ABX,INF,96
7650,70,7650,6239070,t=96,col-L,fecal,fecal,13904.33815,8,8,RC-ABX-INF,RC,ABX,INF,96
7639,70,7639,6239072,t=96,MLN,MLN,MLN,4339557.4,8,8,WD-PBS-INF,WD,PBS,INF,96
7639,70,7639,6239072,t=96,spl,spl,spl,71428.57143,8,8,WD-PBS-INF,WD,PBS,INF,96
7639,70,7639,6239072,t=96,liv,liv,liv,0,8,8,WD-PBS-INF,WD,PBS,INF,96
7639,70,7639,6239072,t=96,ile-L,ile-L,ile-L,18811136.19,8,8,WD-PBS-INF,WD,PBS,INF,96
7639,70,7639,6239072,t=96,cec-L,cec-L,cec-L,3946028.513,8,8,WD-PBS-INF,WD,PBS,INF,96
7639,70,7639,6239072,t=96,col-L,fecal,fecal,14732142.86,8,8,WD-PBS-INF,WD,PBS,INF,96
7640,70,7640,6239072,t=96,MLN,MLN,MLN,41866028.71,8,8,WD-PBS-INF,WD,PBS,INF,96
7640,70,7640,6239072,t=96,spl,spl,spl,1504237288,8,8,WD-PBS-INF,WD,PBS,INF,96
7640,70,7640,6239072,t=96,liv,liv,liv,78971119.13,8,8,WD-PBS-INF,WD,PBS,INF,96
7640,70,7640,6239072,t=96,ile-L,ile-L,ile-L,1.99E+11,8,8,WD-PBS-INF,WD,PBS,INF,96
7640,70,7640,6239072,t=96,cec-L,cec-L,cec-L,34226190476,8,8,WD-PBS-INF,WD,PBS,INF,96
7640,70,7640,6239072,t=96,col-L,fecal,fecal,3.69E+11,8,8,WD-PBS-INF,WD,PBS,INF,96
7641,70,7641,6239072,t=96,MLN,MLN,MLN,7751937.984,8,8,WD-PBS-INF,WD,PBS,INF,96
7641,70,7641,6239072,t=96,spl,spl,spl,137987013,8,8,WD-PBS-INF,WD,PBS,INF,96
7641,70,7641,6239072,t=96,liv,liv,liv,16010802.47,8,8,WD-PBS-INF,WD,PBS,INF,96
7641,70,7641,6239072,t=96,ile-L,ile-L,ile-L,58734939759,8,8,WD-PBS-INF,WD,PBS,INF,96
7641,70,7641,6239072,t=96,cec-L,cec-L,cec-L,8.16E+11,8,8,WD-PBS-INF,WD,PBS,INF,96
7641,70,7641,6239072,t=96,col-L,fecal,fecal,1.98E+12,8,8,WD-PBS-INF,WD,PBS,INF,96
7642,70,7642,6239072,t=96,MLN,MLN,MLN,43448464.91,8,8,WD-PBS-INF,WD,PBS,INF,96
7642,70,7642,6239072,t=96,spl,spl,spl,5654761.905,8,8,WD-PBS-INF,WD,PBS,INF,96
7642,70,7642,6239072,t=96,liv,liv,liv,2096905.537,8,8,WD-PBS-INF,WD,PBS,INF,96
7642,70,7642,6239072,t=96,ile-L,ile-L,ile-L,39750957.85,8,8,WD-PBS-INF,WD,PBS,INF,96
7642,70,7642,6239072,t=96,cec-L,cec-L,cec-L,169491525.4,8,8,WD-PBS-INF,WD,PBS,INF,96
7642,70,7642,6239072,t=96,col-L,fecal,fecal,1628787879,8,8,WD-PBS-INF,WD,PBS,INF,96
7643,70,7643,6239071,t=96,MLN,MLN,MLN,93008739.08,8,8,WD-ABX-INF,WD,ABX,INF,96
7643,70,7643,6239071,t=96,spl,spl,spl,17723880.6,8,8,WD-ABX-INF,WD,ABX,INF,96
7643,70,7643,6239071,t=96,liv,liv,liv,230769.2308,8,8,WD-ABX-INF,WD,ABX,INF,96
7643,70,7643,6239071,t=96,ile-L,ile-L,ile-L,2213541667,8,8,WD-ABX-INF,WD,ABX,INF,96
7643,70,7643,6239071,t=96,cec-L,cec-L,cec-L,4687500000,8,8,WD-ABX-INF,WD,ABX,INF,96
7643,70,7643,6239071,t=96,col-L,fecal,fecal,6063432836,8,8,WD-ABX-INF,WD,ABX,INF,96
7644,70,7644,6239071,t=96,MLN,MLN,MLN,6944444.444,8,8,WD-ABX-INF,WD,ABX,INF,96
7644,70,7644,6239071,t=96,spl,spl,spl,438596.4912,8,8,WD-ABX-INF,WD,ABX,INF,96
7644,70,7644,6239071,t=96,liv,liv,liv,142585.5513,8,8,WD-ABX-INF,WD,ABX,INF,96
7644,70,7644,6239071,t=96,ile-L,ile-L,ile-L,13430851064,8,8,WD-ABX-INF,WD,ABX,INF,96
7644,70,7644,6239071,t=96,cec-L,cec-L,cec-L,27044025157,8,8,WD-ABX-INF,WD,ABX,INF,96
7644,70,7644,6239071,t=96,col-L,fecal,fecal,27697495183,8,8,WD-ABX-INF,WD,ABX,INF,96
7645,70,7645,6239071,t=96,MLN,MLN,MLN,19012237.76,8,8,WD-ABX-INF,WD,ABX,INF,96
7645,70,7645,6239071,t=96,spl,spl,spl,6664265.13,8,8,WD-ABX-INF,WD,ABX,INF,96
7645,70,7645,6239071,t=96,liv,liv,liv,788288.2883,8,8,WD-ABX-INF,WD,ABX,INF,96
7645,70,7645,6239071,t=96,ile-L,ile-L,ile-L,3220140515,8,8,WD-ABX-INF,WD,ABX,INF,96
7645,70,7645,6239071,t=96,cec-L,cec-L,cec-L,77265372168,8,8,WD-ABX-INF,WD,ABX,INF,96
7645,70,7645,6239071,t=96,col-L,fecal,fecal,5.62E+11,8,8,WD-ABX-INF,WD,ABX,INF,96
7646,70,7646,6239071,t=96,MLN,MLN,MLN,1820822.163,8,8,WD-ABX-INF,WD,ABX,INF,96
7646,70,7646,6239071,t=96,spl,spl,spl,2967479.675,8,8,WD-ABX-INF,WD,ABX,INF,96
7646,70,7646,6239071,t=96,liv,liv,liv,161812.2977,8,8,WD-ABX-INF,WD,ABX,INF,96
7646,70,7646,6239071,t=96,ile-L,ile-L,ile-L,1726375909,8,8,WD-ABX-INF,WD,ABX,INF,96
7646,70,7646,6239071,t=96,cec-L,cec-L,cec-L,1801801802,8,8,WD-ABX-INF,WD,ABX,INF,96
7646,70,7646,6239071,t=96,col-L,fecal,fecal,1415094340,8,8,WD-ABX-INF,WD,ABX,INF,96