"diversity_shannon","observed","chao1","PD","SR","sampleID","seqID","Mouse","Treatment","Diet","Cage","Desc","Day","Rec_day","Rec_day_adj","Sac.group","Aim","Cohort","reads.in","reads.out","nseqs","seq_run","Abx","Post.diet","Post.micr","Pre.diet"
4.38159826336793,277,277.5,22.565447952,277,"HF5000","MMF.16S.202_HF5000","1587","RC-PBS-PBS","RC","1A","baseline",21,-31,-31,NA,"A2","C1",68220,62320,52381,"Feb_2022","PBS","RC","PBS","RC"
3.55657996782859,96,96,10.144516135,96,"HF5004","MMF.16S.202_HF5004","1585","RC-RC","RC","1B","baseline",21,-31,-31,NA,"A2","C1",10640,9436,7089,"Feb_2022","ABX","RC","RC","RC"
4.49318700637564,300,315,20.477482067,300,"HF5005","MMF.16S.202_HF5005","1574","RC-ABX-PBS","RC","1B","baseline",21,-31,-31,NA,"A2","C1",94848,84343,65172,"Feb_2022","ABX","RC","PBS","RC"
3.55463797947118,91,91,10.389949259,91,"HF5006","MMF.16S.202_HF5006","1566","RC-DIET","RC","1B","baseline",21,-31,-31,NA,"A2","C1",10050,8869,7089,"Feb_2022","ABX","WD","RC","RC"
3.78059123203095,213,219,15.978923906,213,"HF5007","MMF.16S.203_HF5007","1588","RC-MICR","RC","1B","baseline",21,-31,-31,NA,"A2","C1",47461,41593,30420,"Feb_2022","ABX","RC","WD","RC"
3.22087828008628,138,138,12.188501018,138,"HF5011","MMF.16S.203_HF5011","1568","RC-WD","RC","1C","baseline",21,-31,-31,NA,"A2","C1",40237,34255,27926,"Feb_2022","ABX","WD","WD","RC"
2.99858164968403,63,63,8.212114711,63,"HF5012","MMF.16S.203_HF5012","1571","WD-RC","WD","1D","baseline",21,-31,-31,NA,"A2","C1",4335,3490,2659,"Feb_2022","ABX","RC","RC","WD"
2.78111039026818,95,95,9.973244106,95,"HF5013","MMF.16S.203_HF5013","1589","WD-MICR","WD","1D","baseline",21,-31,-31,NA,"A2","C1",17989,15882,13983,"Feb_2022","ABX","WD","RC","WD"
3.03722243578948,91,91,9.291261365,91,"HF5018","MMF.16S.203_HF5018","1580","WD-DIET","WD","1E","baseline",21,-31,-31,NA,"A2","C1",17734,14670,11813,"Feb_2022","ABX","RC","WD","WD"
2.58778393880804,70,71,8.028844621,70,"HF5020","MMF.16S.203_HF5020","1570","WD-ABX-PBS","WD","1E","baseline",21,-31,-31,NA,"A2","C1",13910,12523,9900,"Feb_2022","ABX","WD","PBS","WD"
2.23573412755951,33,33,6.281832877,33,"HF5022","MMF.16S.203_HF5022","1584","WD-WD","WD","1F","baseline",21,-31,-31,NA,"A2","C1",3583,3152,2502,"Feb_2022","ABX","WD","WD","WD"
3.22810367402116,215,218,16.105235516,215,"HF5072","MMF.16S.203_HF5072","1587","RC-PBS-PBS","RC","1A","pre-abx",49,-3,-3,NA,"A2","C1",47888,43044,31348,"Feb_2022","PBS","RC","PBS","RC"
2.48294891695502,55,55,7.753094036,55,"HF5076","MMF.16S.203_HF5076","1585","RC-RC","RC","1B","pre-abx",49,-3,-3,NA,"A2","C1",4939,4495,3443,"Feb_2022","ABX","RC","RC","RC"
3.45234687909948,73,73.5,9.48640082,73,"HF5077","MMF.16S.203_HF5077","1566","RC-DIET","RC","1B","pre-abx",49,-3,-3,NA,"A2","C1",4157,3555,2430,"Feb_2022","ABX","WD","RC","RC"
2.76291432559571,67,67,8.881242442,67,"HF5078","MMF.16S.203_HF5078","1588","RC-MICR","RC","1B","pre-abx",49,-3,-3,NA,"A2","C1",5348,4597,3778,"Feb_2022","ABX","RC","WD","RC"
3.12149014107953,74,74.3333333333333,8.615252895,74,"HF5079","MMF.16S.203_HF5079","1574","RC-ABX-PBS","RC","1B","pre-abx",49,-3,-3,NA,"A2","C1",18779,13822,10590,"Feb_2022","ABX","RC","PBS","RC"
2.78461769559378,213,213.5,15.580738245,213,"HF5083","MMF.16S.203_HF5083","1568","RC-WD","RC","1C","pre-abx",49,-3,-3,NA,"A2","C1",57736,51471,39496,"Feb_2022","ABX","WD","WD","RC"
1.54832494067175,22,22,4.992259224,22,"HF5084","MMF.16S.203_HF5084","1571","WD-RC","WD","1D","pre-abx",49,-3,-3,NA,"A2","C1",21799,19164,15428,"Feb_2022","ABX","RC","RC","WD"
1.6475324128963,23,23,4.532652871,23,"HF5085","MMF.16S.203_HF5085","1589","WD-MICR","WD","1D","pre-abx",49,-3,-3,NA,"A2","C1",21869,16575,13570,"Feb_2022","ABX","WD","RC","WD"
1.50085308714511,48,48,7.514456539,48,"HF5086","MMF.16S.203_HF5086","1569","WD-PBS-PBS","WD","1D","pre-abx",49,-3,-3,NA,"A2","C1",80949,74253,55889,"Feb_2022","PBS","WD","PBS","WD"
2.37350154713746,34,34,6.16669377,34,"HF5090","MMF.16S.203_HF5090","1580","WD-DIET","WD","1E","pre-abx",49,-3,-3,NA,"A2","C1",5922,4798,3771,"Feb_2022","ABX","RC","WD","WD"
2.53455597998271,85,85,9.497333262,85,"HF5091","MMF.16S.203_HF5091","1570","WD-ABX-PBS","WD","1E","pre-abx",49,-3,-3,NA,"A2","C1",30624,27087,19951,"Feb_2022","ABX","WD","PBS","WD"
1.53752889672484,17,17,4.295190071,17,"HF5094","MMF.16S.203_HF5094","1584","WD-WD","WD","1F","pre-abx",49,-3,-3,NA,"A2","C1",13305,11510,9800,"Feb_2022","ABX","WD","WD","WD"
4.28218902649212,257,260.75,17.171795241,257,"HF5096","MMF.16S.203_HF5096","1587","RC-PBS-PBS","RC","1A","post-abx",52,0,0,NA,"A2","C1",39761,33091,24044,"Feb_2022","PBS","RC","PBS","RC"
0.0917361946034034,13,13,2.242253292,13,"HF5100","MMF.16S.203_HF5100","1566","RC-DIET","RC","1B","post-abx",52,0,0,NA,"A2","C1",52535,50704,50518,"Feb_2022","ABX","WD","RC","RC"
2.42666587376549,57,57,8.422402481,57,"HF5101","MMF.16S.203_HF5101","1588","RC-MICR","RC","1B","post-abx",52,0,0,NA,"A2","C1",24988,22809,22387,"Feb_2022","ABX","RC","WD","RC"
1.05047717519184,15,15,3.090341928,15,"HF5102","MMF.16S.203_HF5102","1574","RC-ABX-PBS","RC","1B","post-abx",52,0,0,NA,"A2","C1",8973,3629,2990,"Feb_2022","ABX","RC","PBS","RC"
1.42708644716672,12,12,3.136821284,12,"HF5108","MMF.16S.203_HF5108","1569","WD-PBS-PBS","WD","1D","post-abx",52,0,0,NA,"A2","C1",3379,2999,2418,"Feb_2022","PBS","WD","PBS","WD"
0.158502494894109,14,14,2.709327902,14,"HF5110","MMF.16S.203_HF5110","1589","WD-MICR","WD","1E","post-abx",52,0,0,NA,"A2","C1",46689,44397,44309,"Feb_2022","ABX","WD","RC","WD"
0.274676985957536,14,14,2.640768503,14,"HF5113","MMF.16S.203_HF5113","1580","WD-DIET","WD","1E","post-abx",52,0,0,NA,"A2","C1",56955,54998,54733,"Feb_2022","ABX","RC","WD","WD"
0.378415523549875,12,12,2.592128554,12,"HF5114","MMF.16S.203_HF5114","1570","WD-ABX-PBS","WD","1E","post-abx",52,0,0,NA,"A2","C1",42167,40292,40168,"Feb_2022","ABX","WD","PBS","WD"
0.0540182414133875,5,5,1.678511721,5,"HF5115","MMF.16S.203_HF5115","1571","WD-RC","WD","1F","post-abx",52,0,0,NA,"A2","C1",15229,13744,13654,"Feb_2022","ABX","RC","RC","WD"
0.257067796904786,6,6,2.042874147,6,"HF5118","MMF.16S.203_HF5118","1584","WD-WD","WD","1F","post-abx",52,0,0,NA,"A2","C1",3780,3622,3592,"Feb_2022","ABX","WD","WD","WD"
3.10314255190691,116,116,11.418683368,116,"HF5210","MMF.16S.203_HF5210","1587","RC-PBS-PBS","RC","1","rec-wk2",66,14,14,NA,"A2","C1",33632,29738,23146,"Feb_2022","PBS","RC","PBS","RC"
2.59914232175722,29,29,2.971009492,29,"HF5212","MMF.16S.203_HF5212","1574","RC-ABX-PBS","RC","2","rec-wk2",66,14,14,NA,"A2","C1",12932,12188,10926,"Feb_2022","ABX","RC","PBS","RC"
2.14860952371687,54,54,4.549907023,54,"HF5214","MMF.16S.203_HF5214","1585","RC-RC","RC","3","rec-wk2",66,14,14,NA,"A2","C1",20300,18432,16029,"Feb_2022","ABX","RC","RC","RC"
1.17514871915447,5,5,1.205218198,5,"HF5216","MMF.16S.203_HF5216","1566","RC-DIET","RC","4","rec-wk2",66,14,14,NA,"A2","C1",64963,59603,51713,"Feb_2022","ABX","WD","RC","RC"
1.60679834776519,38,38,5.104811395,38,"HF5218","MMF.16S.203_HF5218","1588","RC-MICR","RC","5","rec-wk2",66,14,14,NA,"A2","C1",26334,23705,20887,"Feb_2022","ABX","RC","WD","RC"
1.86346688670967,77,77,9.221920845,77,"HF5221","MMF.16S.203_HF5221","1569","WD-PBS-PBS","WD","7","rec-wk2",66,14,14,NA,"A2","C1",38744,33518,28108,"Feb_2022","PBS","WD","PBS","WD"
0.470980706817946,4,4,1.572558328,4,"HF5225","MMF.16S.203_HF5225","1570","WD-ABX-PBS","WD","8","rec-wk2",66,14,14,NA,"A2","C1",30577,25928,24747,"Feb_2022","ABX","WD","PBS","WD"
0.483840845806649,4,4,1.229192951,4,"HF5226","MMF.16S.203_HF5226","1584","WD-WD","WD","9","rec-wk2",66,14,14,NA,"A2","C1",32918,31104,26758,"Feb_2022","ABX","WD","WD","WD"
1.60601121338356,48,48,5.553892647,48,"HF5228","MMF.16S.203_HF5228","1580","WD-DIET","WD","10","rec-wk2",66,14,14,NA,"A2","C1",13345,12649,11681,"Feb_2022","ABX","RC","WD","WD"
1.58153404685051,41,41,4.921525771,41,"HF5231","MMF.16S.203_HF5231","1571","WD-RC","WD","12","rec-wk2",66,14,14,NA,"A2","C1",14816,11846,10763,"Feb_2022","ABX","RC","RC","WD"
3.456566582643,155,155,13.404804326,155,"HF5300","MMF.16S.203_HF5300","1624","RC-MICR","RC","2A","baseline",21,-31,-31,NA,"A2","C2",47629,40445,32055,"Feb_2022","ABX","RC","WD","RC"
4.15154548099503,205,208,14.726414354,205,"HF5301","MMF.16S.203_HF5301","1622","RC-ABX-PBS","RC","2A","baseline",21,-31,-31,NA,"A2","C2",23896,20956,14663,"Feb_2022","ABX","RC","PBS","RC"
3.08028405760198,87,87,10.539607654,87,"HF5302","MMF.16S.203_HF5302","1623","RC-PBS-PBS","RC","2A","baseline",21,-31,-31,NA,"A2","C2",11253,9598,7909,"Feb_2022","PBS","RC","PBS","RC"
2.69740892510967,121,121,11.752690599,121,"HF5303","MMF.16S.203_HF5303","1625","RC-PBS-PBS","RC","2A","baseline",21,-31,-31,NA,"A2","C2",32584,29363,22470,"Feb_2022","PBS","RC","PBS","RC"
3.51897625391361,231,233.142857142857,16.470112185,231,"HF5304","MMF.16S.203_HF5304","1621","RC-WD","RC","2B","baseline",21,-31,-31,NA,"A2","C2",86535,78788,62047,"Feb_2022","ABX","WD","WD","RC"
2.58911530991316,82,82,9.244605504,82,"HF5305","MMF.16S.203_HF5305","1639","RC-MICR","RC","2B","baseline",21,-31,-31,NA,"A2","C2",29773,24996,20087,"Feb_2022","ABX","RC","WD","RC"
2.81375546773689,177,180,14.054771481,177,"HF5306","MMF.16S.203_HF5306","1637","RC-DIET","RC","2B","baseline",21,-31,-31,NA,"A2","C2",73305,62205,47452,"Feb_2022","ABX","WD","RC","RC"
3.24721860003379,94,94.3333333333333,9.520558163,94,"HF5307","MMF.16S.203_HF5307","1636","RC-RC","RC","2B","baseline",21,-31,-31,NA,"A2","C2",11220,9044,5750,"Feb_2022","ABX","RC","RC","RC"
2.82847960977045,63,63,8.182174716,63,"HF5308","MMF.16S.203_HF5308","1638","RC-RC","RC","2C","baseline",21,-31,-31,NA,"A2","C2",5951,5117,4136,"Feb_2022","ABX","RC","RC","RC"
3.36127001785372,75,75,8.501098666,75,"HF5310","MMF.16S.203_HF5310","1644","RC-DIET","RC","2C","baseline",21,-31,-31,NA,"A2","C2",7764,6726,4708,"Feb_2022","ABX","WD","RC","RC"
3.25619476370916,79,82,7.895586308,79,"HF5311","MMF.16S.203_HF5311","1641","RC-ABX-PBS","RC","2C","baseline",21,-31,-31,NA,"A2","C2",13745,11263,8290,"Feb_2022","ABX","RC","PBS","RC"
3.23533402696782,130,130.25,11.854204857,130,"HF5312","MMF.16S.203_HF5312","1643","WD-ABX-PBS","WD","2D","baseline",21,-31,-31,NA,"A2","C2",43408,35886,27182,"Feb_2022","ABX","WD","PBS","WD"
2.1814666105827,39,39,5.675903851,39,"HF5313","MMF.16S.203_HF5313","1642","WD-PBS-PBS","WD","2D","baseline",21,-31,-31,NA,"A2","C2",5651,4312,3554,"Feb_2022","PBS","WD","PBS","WD"
1.98877380390912,26,26,5.175300451,26,"HF5314","MMF.16S.203_HF5314","1626","WD-MICR","WD","2D","baseline",21,-31,-31,NA,"A2","C2",2396,2092,1638,"Feb_2022","ABX","WD","RC","WD"
3.47229756479569,223,224,15.816782219,223,"HF5315","MMF.16S.203_HF5315","1629","WD-PBS-PBS","WD","2D","baseline",21,-31,-31,NA,"A2","C2",56447,49136,34329,"Feb_2022","PBS","WD","PBS","WD"
2.01766013862482,113,114,10.976376203,113,"HF5316","MMF.16S.203_HF5316","1627","WD-ABX-PBS","WD","2E","baseline",21,-31,-31,NA,"A2","C2",39650,37242,29634,"Feb_2022","ABX","WD","PBS","WD"
2.11268575074125,116,117.5,11.034460475,116,"HF5317","MMF.16S.203_HF5317","1630","WD-RC","WD","2E","baseline",21,-31,-31,NA,"A2","C2",66863,58909,45749,"Feb_2022","ABX","RC","RC","WD"
3.52017366326545,85,85.3333333333333,8.838796634,85,"HF5318","MMF.16S.203_HF5318","1628","WD-DIET","WD","2E","baseline",21,-31,-31,NA,"A2","C2",8253,6276,4708,"Feb_2022","ABX","RC","WD","WD"
3.1711071166398,50,50,7.130314361,50,"HF5319","MMF.16S.203_HF5319","1631","WD-WD","WD","2E","baseline",21,-31,-31,NA,"A2","C2",3512,3110,2061,"Feb_2022","ABX","WD","WD","WD"
3.53894089841228,163,164.5,13.38278945,163,"HF5320","MMF.16S.203_HF5320","1635","WD-RC","WD","2F","baseline",21,-31,-31,NA,"A2","C2",34382,30685,21618,"Feb_2022","ABX","RC","RC","WD"
3.82545612235479,216,216.3,15.335226526,216,"HF5321","MMF.16S.203_HF5321","1633","WD-WD","WD","2F","baseline",21,-31,-31,NA,"A2","C2",54130,48034,35027,"Feb_2022","ABX","WD","WD","WD"
2.55158683620877,51,51,7.211536931,51,"HF5322","MMF.16S.203_HF5322","1634","WD-MICR","WD","2F","baseline",21,-31,-31,NA,"A2","C2",6551,5920,4752,"Feb_2022","ABX","WD","RC","WD"
3.32913857026043,141,141,12.910755934,141,"HF5323","MMF.16S.203_HF5323","1632.NT","WD-DIET","WD","2F","baseline",21,-31,-31,NA,"A2","C2",17924,15896,12693,"Feb_2022","ABX","RC","WD","WD"
2.83960145956271,143,143,12.884796378,143,"HF5348","MMF.16S.203_HF5348","1622","RC-ABX-PBS","RC","2A","pre-abx",49,-3,-3,NA,"A2","C2",42589,38693,27427,"Feb_2022","ABX","RC","PBS","RC"
2.53530107348264,43,43,6.470999412,43,"HF5349","MMF.16S.203_HF5349","1623","RC-PBS-PBS","RC","2A","pre-abx",49,-3,-3,NA,"A2","C2",7247,6255,5532,"Feb_2022","PBS","RC","PBS","RC"
2.07726784977826,33,33,5.78269299,33,"HF5350","MMF.16S.203_HF5350","1624","RC-MICR","RC","2A","pre-abx",49,-3,-3,NA,"A2","C2",4054,3714,3083,"Feb_2022","ABX","RC","WD","RC"
2.57814035421758,119,119,12.071175901,119,"HF5351","MMF.16S.203_HF5351","1625","RC-PBS-PBS","RC","2A","pre-abx",49,-3,-3,NA,"A2","C2",44708,40938,30592,"Feb_2022","PBS","RC","PBS","RC"
2.26708981384374,30,30,5.940388486,30,"HF5352","MMF.16S.203_HF5352","1621","RC-WD","RC","2B","pre-abx",49,-3,-3,NA,"A2","C2",2864,2400,1631,"Feb_2022","ABX","WD","WD","RC"
2.90362295455706,84,84,9.341466429,84,"HF5353","MMF.16S.203_HF5353","1636","RC-RC","RC","2B","pre-abx",49,-3,-3,NA,"A2","C2",12050,9339,7300,"Feb_2022","ABX","RC","RC","RC"
2.24607820820375,49,49,7.017451806,49,"HF5354","MMF.16S.203_HF5354","1637","RC-DIET","RC","2B","pre-abx",49,-3,-3,NA,"A2","C2",5017,4232,3247,"Feb_2022","ABX","WD","RC","RC"
2.17642316986867,97,97,10.301842427,97,"HF5355","MMF.16S.203_HF5355","1639","RC-MICR","RC","2B","pre-abx",49,-3,-3,NA,"A2","C2",26227,24186,19098,"Feb_2022","ABX","RC","WD","RC"
3.2717138476244,171,172.2,14.091538531,171,"HF5356","MMF.16S.203_HF5356","1638","RC-RC","RC","2C","pre-abx",49,-3,-3,NA,"A2","C2",44538,38652,30029,"Feb_2022","ABX","RC","RC","RC"
1.77463589041863,104,104.5,11.27104515,104,"HF5357","MMF.16S.203_HF5357","1640","RC-WD","RC","2C","pre-abx",49,-3,-3,NA,"A2","C2",37756,33677,28444,"Feb_2022","ABX","WD","WD","RC"
3.25632741729885,175,175.5,14.366192078,175,"HF5358","MMF.16S.204_HF5358","1641","RC-ABX-PBS","RC","2C","pre-abx",49,-3,-3,NA,"A2","C2",45387,39484,30826,"Feb_2022","ABX","RC","PBS","RC"
3.31609945319388,160,160,13.557213839,160,"HF5359","MMF.16S.204_HF5359","1644","RC-DIET","RC","2C","pre-abx",49,-3,-3,NA,"A2","C2",59546,53425,39695,"Feb_2022","ABX","WD","RC","RC"
1.97883492128447,22,22,4.784507943,22,"HF5360","MMF.16S.204_HF5360","1626","WD-MICR","WD","2D","pre-abx",49,-3,-3,NA,"A2","C2",3516,3105,2608,"Feb_2022","ABX","WD","RC","WD"
2.3324944731649,87,87,9.702431276,87,"HF5361","MMF.16S.204_HF5361","1629","WD-PBS-PBS","WD","2D","pre-abx",49,-3,-3,NA,"A2","C2",21506,19600,16223,"Feb_2022","PBS","WD","PBS","WD"
2.39600493031034,31,31,4.924581894,31,"HF5362","MMF.16S.204_HF5362","1642","WD-PBS-PBS","WD","2D","pre-abx",49,-3,-3,NA,"A2","C2",4050,2878,2446,"Feb_2022","PBS","WD","PBS","WD"
2.04250383166709,34,34,6.371780771,34,"HF5363","MMF.16S.204_HF5363","1643","WD-ABX-PBS","WD","2D","pre-abx",49,-3,-3,NA,"A2","C2",13924,12426,10329,"Feb_2022","ABX","WD","PBS","WD"
2.14709838254098,49,49,7.345637442,49,"HF5364","MMF.16S.204_HF5364","1627","WD-ABX-PBS","WD","2E","pre-abx",49,-3,-3,NA,"A2","C2",17001,15481,12438,"Feb_2022","ABX","WD","PBS","WD"
2.21821485755053,42,42,6.853115914,42,"HF5365","MMF.16S.204_HF5365","1628","WD-DIET","WD","2E","pre-abx",49,-3,-3,NA,"A2","C2",7164,6572,5378,"Feb_2022","ABX","RC","WD","WD"
2.57961181503518,155,155.6,12.651904499,155,"HF5366","MMF.16S.204_HF5366","1630","WD-RC","WD","2E","pre-abx",49,-3,-3,NA,"A2","C2",58502,53147,42098,"Feb_2022","ABX","RC","RC","WD"
1.58818685902782,24,24,4.948216434,24,"HF5367","MMF.16S.204_HF5367","1631","WD-WD","WD","2E","pre-abx",49,-3,-3,NA,"A2","C2",7734,7142,5704,"Feb_2022","ABX","WD","WD","WD"
1.95936502049331,36,36,6.381145841,36,"HF5368","MMF.16S.204_HF5368","1632.NT","WD-DIET","WD","2F","pre-abx",49,-3,-3,NA,"A2","C2",6015,5350,4636,"Feb_2022","ABX","RC","WD","WD"
1.7864466230801,34,34,6.193093883,34,"HF5369","MMF.16S.204_HF5369","1633","WD-WD","WD","2F","pre-abx",49,-3,-3,NA,"A2","C2",6909,6151,5414,"Feb_2022","ABX","WD","WD","WD"
1.82278575344322,36,36,6.477043366,36,"HF5370","MMF.16S.204_HF5370","1634","WD-MICR","WD","2F","pre-abx",49,-3,-3,NA,"A2","C2",17180,13001,10533,"Feb_2022","ABX","WD","RC","WD"
2.00535057775542,72,73,8.937633673,72,"HF5371","MMF.16S.204_HF5371","1635","WD-RC","WD","2F","pre-abx",49,-3,-3,NA,"A2","C2",30962,26498,21445,"Feb_2022","ABX","RC","RC","WD"
2.81757663539669,77,77,9.392979324,77,"HF5372","MMF.16S.204_HF5372","1623","RC-PBS-PBS","RC","13","post-abx",52,0,0,NA,"A2","C2",13341,12166,9969,"Feb_2022","PBS","RC","PBS","RC"
2.26527882417187,31,31,5.861309027,31,"HF5373","MMF.16S.204_HF5373","1625","RC-PBS-PBS","RC","13","post-abx",52,0,0,NA,"A2","C2",4660,3065,2288,"Feb_2022","PBS","RC","PBS","RC"
2.46053896890113,46,46,7.195573521,46,"HF5381","MMF.16S.204_HF5381","1624","RC-MICR","RC","17","post-abx",52,0,0,NA,"A2","C2",7713,6668,6192,"Feb_2022","ABX","RC","WD","RC"
1.77937582663513,19,19,4.357484053,19,"HF5383","MMF.16S.204_HF5383","1640","RC-WD","RC","18","post-abx",52,0,0,NA,"A2","C2",4076,3240,1787,"Feb_2022","ABX","WD","WD","RC"
1.68252448100629,14,14,3.228633903,14,"HF5384","MMF.16S.204_HF5384","1629","WD-PBS-PBS","WD","19","post-abx",52,0,0,NA,"A2","C2",5683,5194,4327,"Feb_2022","PBS","WD","PBS","WD"
3.52613224067068,123,123,10.532643475,123,"HF5385","MMF.16S.204_HF5385","1642","WD-PBS-PBS","WD","19","post-abx",52,0,0,NA,"A2","C2",39318,35771,28145,"Feb_2022","PBS","WD","PBS","WD"
0.256193726424069,13,13,2.395921612,13,"HF5386","MMF.16S.204_HF5386","1627","WD-ABX-PBS","WD","20","post-abx",52,0,0,NA,"A2","C2",43037,41495,41207,"Feb_2022","ABX","WD","PBS","WD"
0.0809859036618799,7,7,1.904345612,7,"HF5387","MMF.16S.204_HF5387","1643","WD-ABX-PBS","WD","20","post-abx",52,0,0,NA,"A2","C2",13550,12627,12582,"Feb_2022","ABX","WD","PBS","WD"
0.16832721281599,11,11,2.273989085,11,"HF5388","MMF.16S.204_HF5388","1631","WD-WD","WD","21","post-abx",52,0,0,NA,"A2","C2",38259,36456,36122,"Feb_2022","ABX","WD","WD","WD"
0.0104211514951067,2,2,1.107208137,2,"HF5389","MMF.16S.204_HF5389","1633","WD-WD","WD","21","post-abx",52,0,0,NA,"A2","C2",4863,4611,4585,"Feb_2022","ABX","WD","WD","WD"
0.199263924416541,11,11,2.627277084,11,"HF5390","MMF.16S.204_HF5390","1628","WD-DIET","WD","22","post-abx",52,0,0,NA,"A2","C2",15703,13262,12968,"Feb_2022","ABX","RC","WD","WD"
0.0892490737183069,9,9,2.3024253,9,"HF5391","MMF.16S.204_HF5391","1632.NT","WD-DIET","WD","22","post-abx",52,0,0,NA,"A2","C2",27966,27024,26937,"Feb_2022","ABX","RC","WD","WD"
0,1,1,0.576388276,1,"HF5392","MMF.16S.204_HF5392","1626","WD-MICR","WD","23","post-abx",52,0,0,NA,"A2","C2",3915,2961,2753,"Feb_2022","ABX","WD","RC","WD"
0.0808327377334219,6,6,1.976720887,6,"HF5394","MMF.16S.204_HF5394","1630","WD-RC","WD","24","post-abx",52,0,0,NA,"A2","C2",20749,19615,19471,"Feb_2022","ABX","RC","RC","WD"
0.0311419204021033,4,4,1.567093645,4,"HF5395","MMF.16S.204_HF5395","1635","WD-RC","WD","24","post-abx",52,0,0,NA,"A2","C2",7650,7109,7070,"Feb_2022","ABX","RC","RC","WD"
2.22201117108428,101,101,10.953919657,101,"HF5493","MMF.16S.204_HF5493","1623","RC-PBS-PBS","RC","13","rec-wk2",66,14,14,NA,"A2","C2",58431,50018,39565,"Feb_2022","PBS","RC","PBS","RC"
2.92247674663103,37,37,4.528775609,37,"HF5494","MMF.16S.204_HF5494","1641","RC-ABX-PBS","RC","14","rec-wk2",66,14,14,NA,"A2","C2",11120,9724,8035,"Feb_2022","ABX","RC","PBS","RC"
2.860562862546,44,44,4.545357069,44,"HF5495","MMF.16S.204_HF5495","1622","RC-ABX-PBS","RC","14","rec-wk2",66,14,14,NA,"A2","C2",30386,28136,22769,"Feb_2022","ABX","RC","PBS","RC"
2.885016828412,47,47,5.108147368,47,"HF5496","MMF.16S.204_HF5496","1636","RC-RC","RC","15","rec-wk2",66,14,14,NA,"A2","C2",10897,9968,8698,"Feb_2022","ABX","RC","RC","RC"
0,1,1,0.576388276,1,"HF5498","MMF.16S.204_HF5498","1637","RC-DIET","RC","16","rec-wk2",66,14,14,NA,"A2","C2",13994,12809,12757,"Feb_2022","ABX","WD","RC","RC"
0.12000508271938,7,7,1.527333757,7,"HF5499","MMF.16S.204_HF5499","1644","RC-DIET","RC","16","rec-wk2",66,14,14,NA,"A2","C2",49456,47592,47435,"Feb_2022","ABX","WD","RC","RC"
3.60653436412178,98,99,5.571999125,98,"HF5500","MMF.16S.204_HF5500","1639","RC-MICR","RC","17","rec-wk2",66,14,14,NA,"A2","C2",34644,29966,21466,"Feb_2022","ABX","RC","WD","RC"
2.42043560855,57,57,4.449872597,57,"HF5501","MMF.16S.204_HF5501","1624","RC-MICR","RC","17","rec-wk2",66,14,14,NA,"A2","C2",14698,12316,9374,"Feb_2022","ABX","RC","WD","RC"
0.578407461063075,3,3,0.895149248,3,"HF5502","MMF.16S.204_HF5502","1621","RC-WD","RC","18","rec-wk2",66,14,14,NA,"A2","C2",47281,44365,41405,"Feb_2022","ABX","WD","WD","RC"
0.679070883010102,6,6,1.903209048,6,"HF5503","MMF.16S.204_HF5503","1640","RC-WD","RC","18","rec-wk2",66,14,14,NA,"A2","C2",85058,80345,76185,"Feb_2022","ABX","WD","WD","RC"
2.42246664383954,99,102,9.79907071,99,"HF5504","MMF.16S.204_HF5504","1629","WD-PBS-PBS","WD","19","rec-wk2",66,14,14,NA,"A2","C2",22393,20057,15823,"Feb_2022","PBS","WD","PBS","WD"
1.49015255400412,89,89,9.628622053,89,"HF5505","MMF.16S.204_HF5505","1642","WD-PBS-PBS","WD","19","rec-wk2",66,14,14,NA,"A2","C2",39844,36324,30284,"Feb_2022","PBS","WD","PBS","WD"
0.379724523793935,4,4,0.962572336,4,"HF5506","MMF.16S.204_HF5506","1627","WD-ABX-PBS","WD","20","rec-wk2",66,14,14,NA,"A2","C2",34436,31047,29314,"Feb_2022","ABX","WD","PBS","WD"
0.60394536734734,3,3,0.91752628,3,"HF5507","MMF.16S.204_HF5507","1643","WD-ABX-PBS","WD","20","rec-wk2",66,14,14,NA,"A2","C2",4065,3764,3516,"Feb_2022","ABX","WD","PBS","WD"
0.224120882144073,4,4,1.239503887,4,"HF5509","MMF.16S.204_HF5509","1633","WD-WD","WD","21","rec-wk2",66,14,14,NA,"A2","C2",16773,15765,15022,"Feb_2022","ABX","WD","WD","WD"
2.89846969282134,50,50,4.808564701,50,"HF5510","MMF.16S.204_HF5510","1628","WD-DIET","WD","22","rec-wk2",66,14,14,NA,"A2","C2",9166,8220,6322,"Feb_2022","ABX","RC","WD","WD"
2.7838420595582,73,73,6.309913384,73,"HF5511","MMF.16S.204_HF5511","1632.NT","WD-DIET","WD","22","rec-wk2",66,14,14,NA,"A2","C2",34419,30942,25000,"Feb_2022","ABX","RC","WD","WD"
0.4594118272652,5,5,1.553347075,5,"HF5512","MMF.16S.204_HF5512","1626","WD-MICR","WD","23","rec-wk2",66,14,14,NA,"A2","C2",6368,5780,5582,"Feb_2022","ABX","WD","RC","WD"
0.209113584156468,2,2,0.891133822,2,"HF5513","MMF.16S.204_HF5513","1634","WD-MICR","WD","23","rec-wk2",66,14,14,NA,"A2","C2",8858,8140,7875,"Feb_2022","ABX","WD","RC","WD"
1.35293798317946,53,53,4.631398504,53,"HF5514","MMF.16S.204_HF5514","1630","WD-RC","WD","24","rec-wk2",66,14,14,NA,"A2","C2",55438,51039,43904,"Feb_2022","ABX","RC","RC","WD"
1.15400408048275,41,41,3.539503283,41,"HF5515","MMF.16S.204_HF5515","1635","WD-RC","WD","24","rec-wk2",66,14,14,NA,"A2","C2",46669,44191,39181,"Feb_2022","ABX","RC","RC","WD"
2.51324640380046,90,90,9.515991789,90,"HF5600","MMF.16S.204_HF5600","1675","RC-WD","RC","3B","baseline",21,-31,-31,NA,"A2","C3",22927,18072,13389,"Feb_2022","ABX","WD","WD","RC"
2.25732384464683,38,38,5.882547483,38,"HF5601","MMF.16S.204_HF5601","1676","RC-ABX-PBS","RC","3A","baseline",21,-31,-31,NA,"A2","C3",3368,2535,2144,"Feb_2022","ABX","RC","PBS","RC"
3.12614882408719,65,65,8.16627021,65,"HF5602","MMF.16S.204_HF5602","1677","RC-RC","RC","3A","baseline",21,-31,-31,NA,"A2","C3",6599,5904,4406,"Feb_2022","ABX","RC","RC","RC"
3.06717736867262,116,116,11.242696098,116,"HF5603","MMF.16S.204_HF5603","1678","RC-PBS-PBS","RC","3A","baseline",21,-31,-31,NA,"A2","C3",48298,42129,30283,"Feb_2022","PBS","RC","PBS","RC"
3.8022046053754,185,185.5,14.791367419,185,"HF5604","MMF.16S.204_HF5604","1679","RC-PBS-PBS","RC","3A","baseline",21,-31,-31,NA,"A2","C3",52223,47464,34016,"Feb_2022","PBS","RC","PBS","RC"
2.03496383754375,48,48,7.46763841,48,"HF5606","MMF.16S.204_HF5606","1681","RC-DIET","RC","3B","baseline",21,-31,-31,NA,"A2","C3",6185,5626,4748,"Feb_2022","ABX","WD","RC","RC"
1.79709348353777,66,66,8.307996525,66,"HF5607","MMF.16S.204_HF5607","1682","RC-RC","RC","3B","baseline",21,-31,-31,NA,"A2","C3",15261,13537,11981,"Feb_2022","ABX","RC","RC","RC"
3.0958529493949,137,137.333333333333,12.167845358,137,"HF5608","MMF.16S.204_HF5608","1683","RC-MICR","RC","3C","baseline",21,-31,-31,NA,"A2","C3",32397,28537,21734,"Feb_2022","ABX","RC","WD","RC"
2.18207756733241,36,36,5.536805328,36,"HF5609","MMF.16S.204_HF5609","1684","RC-WD","RC","3C","baseline",21,-31,-31,NA,"A2","C3",7359,6378,5594,"Feb_2022","ABX","WD","WD","RC"
2.1879990220567,43,43,6.197764031,43,"HF5610","MMF.16S.204_HF5610","1685","RC-ABX-PBS","RC","3C","baseline",21,-31,-31,NA,"A2","C3",6481,5897,4955,"Feb_2022","ABX","RC","PBS","RC"
2.44781059733687,120,120,11.463574903,120,"HF5611","MMF.16S.204_HF5611","1686","WD-RC","WD","3E","baseline",21,-31,-31,NA,"A2","C3",56660,50523,39403,"Feb_2022","ABX","RC","RC","WD"
2.91015924119734,73,74,8.501523357,73,"HF5612","MMF.16S.204_HF5612","1687","RC-DIET","RC","3C","baseline",21,-31,-31,NA,"A2","C3",7971,6896,5384,"Feb_2022","ABX","WD","RC","RC"
2.88973105689012,67,67,7.839880295,67,"HF5613","MMF.16S.204_HF5613","1688","WD-PBS-PBS","WD","3D","baseline",21,-31,-31,NA,"A2","C3",18082,14766,12030,"Feb_2022","PBS","WD","PBS","WD"
2.53608500421108,70,70,8.329705005,70,"HF5614","MMF.16S.204_HF5614","1689","WD-RC","WD","3D","baseline",21,-31,-31,NA,"A2","C3",15783,13592,10734,"Feb_2022","ABX","RC","RC","WD"
2.8443360955595,176,176,14.307400868,176,"HF5615","MMF.16S.204_HF5615","1690","WD-PBS-PBS","WD","3D","baseline",21,-31,-31,NA,"A2","C3",39551,33573,28739,"Feb_2022","PBS","WD","PBS","WD"
2.37622973508169,192,192,14.787893501,192,"HF5616","MMF.16S.204_HF5616","1691","WD-ABX-PBS","WD","3D","baseline",21,-31,-31,NA,"A2","C3",313130,273310,213022,"Feb_2022","ABX","WD","PBS","WD"
3.48263893107145,153,153.25,12.872664371,153,"HF5617","MMF.16S.204_HF5617","1692","WD-MICR","WD","3E","baseline",21,-31,-31,NA,"A2","C3",24768,21112,16773,"Feb_2022","ABX","WD","RC","WD"
2.12262483553297,42,42,6.028097003,42,"HF5618","MMF.16S.205_HF5618","1693","WD-DIET","WD","3E","baseline",21,-31,-31,NA,"A2","C3",8356,6745,5696,"Feb_2022","ABX","RC","WD","WD"
1.94869938449408,28,28,4.647523616,28,"HF5619","MMF.16S.205_HF5619","1694","WD-WD","WD","3E","baseline",21,-31,-31,NA,"A2","C3",5330,3838,3236,"Feb_2022","ABX","WD","WD","WD"
2.99633563151781,61,61,7.527926058,61,"HF5620","MMF.16S.205_HF5620","1695","WD-MICR","WD","3F","baseline",21,-31,-31,NA,"A2","C3",22190,12781,10126,"Feb_2022","ABX","WD","RC","WD"
2.94543805653186,120,121,10.996424148,120,"HF5621","MMF.16S.205_HF5621","1696","WD-ABX-PBS","WD","3F","baseline",21,-31,-31,NA,"A2","C3",54433,43606,32899,"Feb_2022","ABX","WD","PBS","WD"
2.92970649374686,75,75,8.824490448,75,"HF5622","MMF.16S.205_HF5622","1697","WD-DIET","WD","3F","baseline",21,-31,-31,NA,"A2","C3",14838,12407,10406,"Feb_2022","ABX","RC","WD","WD"
2.82062268609984,70,70,8.094789137,70,"HF5623","MMF.16S.205_HF5623","1698","WD-WD","WD","3F","baseline",21,-31,-31,NA,"A2","C3",15317,11183,8910,"Feb_2022","ABX","WD","WD","WD"
2.95052815176694,138,138,12.809343315,138,"HF5648","MMF.16S.205_HF5648","1677","RC-RC","RC","3A","pre-abx",49,-3,-3,NA,"A2","C3",49465,40887,32882,"Feb_2022","ABX","RC","RC","RC"
3.09495002130708,63,63,7.896861939,63,"HF5649","MMF.16S.205_HF5649","1676","RC-ABX-PBS","RC","3A","pre-abx",49,-3,-3,NA,"A2","C3",8645,6868,5717,"Feb_2022","ABX","RC","PBS","RC"
3.30960241923207,144,147,13.070706413,144,"HF5650","MMF.16S.205_HF5650","1679","RC-PBS-PBS","RC","3A","pre-abx",49,-3,-3,NA,"A2","C3",36769,29318,22230,"Feb_2022","PBS","RC","PBS","RC"
2.57523801975195,55,55,7.832450948,55,"HF5651","MMF.16S.205_HF5651","1678","RC-PBS-PBS","RC","3A","pre-abx",49,-3,-3,NA,"A2","C3",8968,6022,4662,"Feb_2022","PBS","RC","PBS","RC"
3.16727068396986,121,123,12.368690763,121,"HF5652","MMF.16S.205_HF5652","1682","RC-RC","RC","3B","pre-abx",49,-3,-3,NA,"A2","C3",26690,20215,16228,"Feb_2022","ABX","RC","RC","RC"
1.9551811640927,30,30,4.859333285,30,"HF5653","MMF.16S.205_HF5653","1681","RC-DIET","RC","3B","pre-abx",49,-3,-3,NA,"A2","C3",3319,2677,2242,"Feb_2022","ABX","WD","RC","RC"
2.83531637875397,155,156.5,13.938640831,155,"HF5655","MMF.16S.205_HF5655","2592","RC-WD","RC","3B","pre-abx",49,-3,-3,NA,"A2","C3",35406,30844,24423,"Feb_2022","ABX","WD","WD","RC"
2.0701965261335,47,47,6.869495307,47,"HF5657","MMF.16S.205_HF5657","1687","RC-DIET","RC","3C","pre-abx",49,-3,-3,NA,"A2","C3",14303,11284,9362,"Feb_2022","ABX","WD","RC","RC"
4.07554870433315,206,207.25,15.516499659,206,"HF5658","MMF.16S.205_HF5658","2593","RC-MICR","RC","3C","pre-abx",49,-3,-3,NA,"A2","C3",48534,39056,29193,"Feb_2022","ABX","RC","WD","RC"
3.80376687229642,175,179.2,14.178736576,175,"HF5659","MMF.16S.205_HF5659","2594","RC-WD","RC","3C","pre-abx",49,-3,-3,NA,"A2","C3",28220,22746,18241,"Feb_2022","ABX","WD","WD","RC"
1.4635216478148,21,21,5.004738555,21,"HF5660","MMF.16S.205_HF5660","1689","WD-RC","WD","3D","pre-abx",49,-3,-3,NA,"A2","C3",8321,6509,5162,"Feb_2022","ABX","RC","RC","WD"
3.85474133672828,210,211.2,14.153882967,210,"HF5661","MMF.16S.205_HF5661","1688","WD-PBS-PBS","WD","3D","pre-abx",49,-3,-3,NA,"A2","C3",77500,59076,49374,"Feb_2022","PBS","WD","PBS","WD"
2.02996549812484,86,86,9.835791476,86,"HF5662","MMF.16S.205_HF5662","1690","WD-PBS-PBS","WD","3D","pre-abx",49,-3,-3,NA,"A2","C3",40388,33586,27799,"Feb_2022","PBS","WD","PBS","WD"
1.63064173254048,37,37,6.281398089,37,"HF5663","MMF.16S.205_HF5663","1691","WD-ABX-PBS","WD","3D","pre-abx",49,-3,-3,NA,"A2","C3",16508,13054,11059,"Feb_2022","ABX","WD","PBS","WD"
2.87262380460468,101,101.6,10.595753646,101,"HF5664","MMF.16S.205_HF5664","1694","WD-WD","WD","3E","pre-abx",49,-3,-3,NA,"A2","C3",37857,30401,23412,"Feb_2022","ABX","WD","WD","WD"
1.75725971793938,20,20,4.426869285,20,"HF5665","MMF.16S.205_HF5665","1693","WD-DIET","WD","3E","pre-abx",49,-3,-3,NA,"A2","C3",6465,4988,4127,"Feb_2022","ABX","RC","WD","WD"
2.75969960564533,94,94.5,9.775328825,94,"HF5666","MMF.16S.205_HF5666","1692","WD-MICR","WD","3E","pre-abx",49,-3,-3,NA,"A2","C3",23913,18454,15438,"Feb_2022","ABX","WD","RC","WD"
2.19122464370161,42,42,7.094444206,42,"HF5667","MMF.16S.205_HF5667","1686","WD-RC","WD","3E","pre-abx",49,-3,-3,NA,"A2","C3",9197,7686,5849,"Feb_2022","ABX","RC","RC","WD"
1.84397628217344,25,25,5.431842279,25,"HF5668","MMF.16S.205_HF5668","1696","WD-ABX-PBS","WD","3F","pre-abx",49,-3,-3,NA,"A2","C3",10002,7621,6369,"Feb_2022","ABX","WD","PBS","WD"
2.40237653911294,68,71,8.828796608,68,"HF5669","MMF.16S.205_HF5669","1698","WD-WD","WD","3F","pre-abx",49,-3,-3,NA,"A2","C3",13452,9433,6849,"Feb_2022","ABX","WD","WD","WD"
1.70599205102237,50,50,7.403511103,50,"HF5670","MMF.16S.205_HF5670","1697","WD-DIET","WD","3F","pre-abx",49,-3,-3,NA,"A2","C3",25514,19576,15899,"Feb_2022","ABX","RC","WD","WD"
1.4580903646667,10,10,2.11017737,10,"HF5671","MMF.16S.205_HF5671","2595","WD-MICR","WD","3F","pre-abx",49,-3,-3,NA,"A2","C3",2415,1958,1637,"Feb_2022","ABX","WD","RC","WD"
3.74321004889761,161,164,13.403570227,161,"HF5695","MMF.16S.205_HF5695","1679","RC-PBS-PBS","RC","25","post-abx",52,0,0,NA,"A2","C3",43447,33852,23688,"Feb_2022","PBS","RC","PBS","RC"
2.55344222896086,53,53,7.343329475,53,"HF5696","MMF.16S.205_HF5696","1678","RC-PBS-PBS","RC","25","post-abx",52,0,0,NA,"A2","C3",8936,6748,5604,"Feb_2022","PBS","RC","PBS","RC"
1.3159621592288,26,26,4.697418688,26,"HF5697","MMF.16S.205_HF5697","1676","RC-ABX-PBS","RC","26","post-abx",52,0,0,NA,"A2","C3",30853,28047,25587,"Feb_2022","ABX","RC","PBS","RC"
1.36056731552145,14,14,2.71893742,14,"HF5698","MMF.16S.205_HF5698","1685","RC-ABX-PBS","RC","26","post-abx",52,0,0,NA,"A2","C3",6361,5170,4796,"Feb_2022","ABX","RC","PBS","RC"
2.2050982881321,47,47,4.815090365,47,"HF6228","MMF.16S.205_HF6228","1574","RC-ABX-PBS","RC","2","rec-wk4",80,28,28,NA,"A2","C1",12445,9298,7953,"Feb_2022","ABX","RC","PBS","RC"
3.23767037789119,124,124.5,11.104263276,124,"HF6247","MMF.16S.205_HF6247","1585","RC-RC","RC","3","rec-wk4",80,28,28,NA,"A2","C1",33188,25301,19333,"Feb_2022","ABX","RC","RC","RC"
1.67726076760045,51,51,7.473864888,51,"HF6266","MMF.16S.205_HF6266","1566","RC-DIET","RC","4","rec-wk4",80,28,28,NA,"A2","C1",23684,19097,15773,"Feb_2022","ABX","WD","RC","RC"
2.02982054459195,50,50,7.540999087,50,"HF6285","MMF.16S.205_HF6285","1588","RC-MICR","RC","5","rec-wk4",80,28,28,NA,"A2","C1",10912,8691,7598,"Feb_2022","ABX","RC","WD","RC"
2.25285364107883,50,50,6.989101807,50,"HF6304","MMF.16S.205_HF6304","1568","RC-WD","RC","6","rec-wk4",80,28,28,NA,"A2","C1",37951,32194,24025,"Feb_2022","ABX","WD","WD","RC"
2.23592364001262,81,81,9.33128093,81,"HF6323","MMF.16S.205_HF6323","1569","WD-PBS-PBS","WD","7","rec-wk4",80,28,28,NA,"A2","C1",51555,39533,32515,"Feb_2022","PBS","WD","PBS","WD"
2.21463178544384,68,68,8.390530552,68,"HF6361","MMF.16S.205_HF6361","1584","WD-WD","WD","9","rec-wk4",80,28,28,NA,"A2","C1",21430,17520,14577,"Feb_2022","ABX","WD","WD","WD"
2.25854152919368,89,89.6,9.743319297,89,"HF6399","MMF.16S.205_HF6399","1589","WD-MICR","WD","11","rec-wk4",80,28,28,NA,"A2","C1",60742,47110,38357,"Feb_2022","ABX","WD","RC","WD"
3.19824036596785,103,104.5,10.335312433,103,"HF6418","MMF.16S.205_HF6418","1571","WD-RC","WD","12","rec-wk4",80,28,28,NA,"A2","C1",22815,15680,11533,"Feb_2022","ABX","RC","RC","WD"
1.93411394955425,27,27,4.533595625,27,"HF6552","MMF.16S.205_HF6552","1570","WD-ABX-PBS","WD","8","rec-wk4",80,28,28,NA,"A2","C1",8820,7724,6930,"Feb_2023","ABX","RC","RC","WD"
3.10889414542912,75,75,9.07236316,75,"HF6709","MMF.16S.205_HF6709","1630","WD-RC","WD","24","rec-wk4",80,28,28,NA,"A2","C2",8034,6314,4884,"Feb_2022","ABX","RC","RC","WD"
2.40985940750552,48,48,7.291639917,48,"HF6728","MMF.16S.205_HF6728","1626","WD-MICR","WD","23","rec-wk4",80,28,28,NA,"A2","C2",9608,7425,6027,"Feb_2022","ABX","WD","RC","WD"
2.98253308827079,97,103,9.852006636,97,"HF6747","MMF.16S.205_HF6747","1628","WD-DIET","WD","22","rec-wk4",80,28,28,NA,"A2","C2",41511,33364,26137,"Feb_2022","ABX","RC","WD","WD"
1.68766804029299,18,18,3.357584797,18,"HF6766","MMF.16S.205_HF6766","1631","WD-WD","WD","21","rec-wk4",80,28,28,NA,"A2","C2",4101,3249,2892,"Feb_2022","ABX","WD","WD","WD"
1.49697088203222,11,11,2.792169475,11,"HF6785","MMF.16S.205_HF6785","1627","WD-ABX-PBS","WD","20","rec-wk4",80,28,28,NA,"A2","C2",6776,5973,5595,"Feb_2022","ABX","WD","PBS","WD"
2.27823464131714,46,46,6.959604234,46,"HF6804","MMF.16S.205_HF6804","1629","WD-PBS-PBS","WD","19","rec-wk4",80,28,28,NA,"A2","C2",48569,37810,28844,"Feb_2022","PBS","WD","PBS","WD"
2.06869466324854,61,61,7.850617415,61,"HF6823","MMF.16S.205_HF6823","1621","RC-WD","RC","18","rec-wk4",80,28,28,NA,"A2","C2",36724,31093,24895,"Feb_2022","ABX","WD","WD","RC"
2.16951657989061,116,116,11.517140314,116,"HF6842","MMF.16S.205_HF6842","1639","RC-MICR","RC","17","rec-wk4",80,28,28,NA,"A2","C2",32081,24961,22473,"Feb_2022","ABX","RC","WD","RC"
1.06041076093353,12,12,2.600649887,12,"HF6861","MMF.16S.205_HF6861","1637","RC-DIET","RC","16","rec-wk4",83,31,28,NA,"A2","C2",8063,6254,5848,"Feb_2022","ABX","WD","RC","RC"
2.74169913688508,51,51,7.725913816,51,"HF6880","MMF.16S.205_HF6880","1636","RC-RC","RC","15","rec-wk4",83,31,28,NA,"A2","C2",5366,4489,3340,"Feb_2022","ABX","RC","RC","RC"
2.63202729255289,49,49,5.20214328,49,"HF6899","MMF.16S.205_HF6899","1641","RC-ABX-PBS","RC","14","rec-wk4",83,31,28,NA,"A2","C2",37907,31908,26075,"Feb_2022","ABX","RC","PBS","RC"
3.12098540688558,110,110,11.691248108,110,"HF6918","MMF.16S.205_HF6918","1625","RC-PBS-PBS","RC","13","rec-wk4",83,31,28,NA,"A2","C2",41023,32876,25489,"Feb_2022","PBS","RC","PBS","RC"
2.20607215663511,46,46,7.419787097,46,"HF6937","MMF.16S.205_HF6937","1635","WD-RC","WD","24","rec-wk4",83,31,28,NA,"A2","C2",8655,6714,5879,"Feb_2022","ABX","RC","RC","WD"
1.94945063090105,65,65,8.093502068,65,"HF6956","MMF.16S.205_HF6956","1634","WD-MICR","WD","23","rec-wk4",83,31,28,NA,"A2","C2",27403,22330,18835,"Feb_2022","ABX","WD","RC","WD"
2.84220909229012,113,113.333333333333,11.704079447,113,"HF6975","MMF.16S.205_HF6975","1632.NT","WD-DIET","WD","22","rec-wk4",83,31,28,NA,"A2","C2",41821,35730,26477,"Feb_2022","ABX","RC","WD","WD"
2.00537757474085,36,36,5.591545144,36,"HF6994","MMF.16S.205_HF6994","1633","WD-WD","WD","21","rec-wk4",83,31,28,NA,"A2","C2",12211,10171,8973,"Feb_2022","ABX","WD","WD","WD"
1.56333799831797,12,12,2.831873473,12,"HF7013","MMF.16S.205_HF7013","1643","WD-ABX-PBS","WD","20","rec-wk4",84,32,28,NA,"A2","C2",2351,2024,1920,"Feb_2022","ABX","WD","PBS","WD"
2.53106295285153,100,100.5,10.454824585,100,"HF7032","MMF.16S.205_HF7032","1642","WD-PBS-PBS","WD","19","rec-wk4",84,32,28,NA,"A2","C2",56335,46805,37414,"Feb_2022","PBS","WD","PBS","WD"
1.63576315494618,18,18,4.057224837,18,"HF7051","MMF.16S.205_HF7051","1640","RC-WD","RC","18","rec-wk4",84,32,28,NA,"A2","C2",8266,6247,4921,"Feb_2022","ABX","WD","WD","RC"
3.26282408556824,185,192,14.703325883,185,"HF7070","MMF.16S.205_HF7070","1624","RC-MICR","RC","17","rec-wk4",84,32,28,NA,"A2","C2",287848,191083,150945,"Feb_2022","ABX","RC","WD","RC"
1.44619555349384,59,59,8.052479904,59,"HF7089","MMF.16S.205_HF7089","1644","RC-DIET","RC","16","rec-wk4",84,32,28,NA,"A2","C2",89462,61546,53706,"Feb_2022","ABX","WD","RC","RC"
2.16422521900191,83,83,9.149602427,83,"HF7108","MMF.16S.205_HF7108","1638","RC-RC","RC","15","rec-wk4",84,32,28,NA,"A2","C2",30319,25179,20368,"Feb_2022","ABX","RC","RC","RC"
2.54517498033412,49,49,4.926048454,49,"HF7127","MMF.16S.205_HF7127","1622","RC-ABX-PBS","RC","14","rec-wk4",84,32,28,NA,"A2","C2",50883,43869,34737,"Feb_2022","ABX","RC","PBS","RC"
2.52769428308933,78,78,9.255400271,78,"HF7146","MMF.16S.205_HF7146","1623","RC-PBS-PBS","RC","13","rec-wk4",84,32,28,NA,"A2","C2",41001,33788,25852,"Feb_2022","PBS","RC","PBS","RC"
1.67483984138635,15,15,2.493491202,15,"HF5699","MMF.16S.210_HF5699","1682","RC-RC","RC","27","post-abx",52,0,0,NA,"A2","C3",22496,18457,16132,"Mar_2022","ABX","RC","RC","RC"
1.5721525145638,33,33,5.861877702,33,"HF5700","MMF.16S.210_HF5700","1677","RC-RC","RC","27","post-abx",52,0,0,NA,"A2","C3",5972,4641,4287,"Mar_2022","ABX","RC","RC","RC"
0.834267466120167,6,6,1.521126456,6,"HF5701","MMF.16S.210_HF5701","1681","RC-DIET","RC","28","post-abx",52,0,0,NA,"A2","C3",4010,3493,3372,"Mar_2022","ABX","WD","RC","RC"
1.84464857259645,40,40,5.508547455,40,"HF5705","MMF.16S.210_HF5705","2592","RC-WD","RC","30","post-abx",52,0,0,NA,"A2","C3",18802,16233,15537,"Mar_2022","ABX","WD","WD","RC"
1.60910564467462,19,19,4.392684079,19,"HF5707","MMF.16S.210_HF5707","1688","WD-PBS-PBS","WD","31","post-abx",52,0,0,NA,"A2","C3",11650,10007,8515,"Mar_2022","PBS","WD","PBS","WD"
1.8996702373588,81,81,9.572911499,81,"HF5708","MMF.16S.210_HF5708","1690","WD-PBS-PBS","WD","31","post-abx",52,0,0,NA,"A2","C3",27708,23216,18707,"Mar_2022","PBS","WD","PBS","WD"
0.397543399458062,5,5,1.871593895,5,"HF5709","MMF.16S.210_HF5709","1691","WD-ABX-PBS","WD","32","post-abx",52,0,0,NA,"A2","C3",7253,6621,6476,"Mar_2022","ABX","WD","PBS","WD"
0.0776190227396202,5,5,1.683427248,5,"HF5710","MMF.16S.210_HF5710","1696","WD-ABX-PBS","WD","32","post-abx",52,0,0,NA,"A2","C3",13609,12629,12574,"Mar_2022","ABX","WD","PBS","WD"
0.438094574841353,12,12,3.914825272,12,"HF5711","MMF.16S.210_HF5711","1694","WD-WD","WD","33","post-abx",52,0,0,NA,"A2","C3",20343,18004,17758,"Mar_2022","ABX","WD","WD","WD"
0.194966281309299,7,7,2.413878224,7,"HF5712","MMF.16S.210_HF5712","1698","WD-WD","WD","33","post-abx",52,0,0,NA,"A2","C3",10232,8562,8462,"Mar_2022","ABX","WD","WD","WD"
0.387834377062022,12,12,2.593661273,12,"HF5713","MMF.16S.210_HF5713","1693","WD-DIET","WD","34","post-abx",52,0,0,NA,"A2","C3",39632,35321,34627,"Mar_2022","ABX","RC","WD","WD"
0.0520163375387812,7,7,2.27188338,7,"HF5714","MMF.16S.210_HF5714","1697","WD-DIET","WD","34","post-abx",52,0,0,NA,"A2","C3",18748,17379,17275,"Mar_2022","ABX","RC","WD","WD"
0.154681228192356,7,7,2.336167786,7,"HF5715","MMF.16S.210_HF5715","1692","WD-MICR","WD","35","post-abx",52,0,0,NA,"A2","C3",24479,21585,21417,"Mar_2022","ABX","WD","RC","WD"
0.0373943114671914,6,6,2.090263922,6,"HF5716","MMF.16S.210_HF5716","2595","WD-MICR","WD","35","post-abx",52,0,0,NA,"A2","C3",21364,19579,19519,"Mar_2022","ABX","WD","RC","WD"
0.13943163405115,10,10,2.52814487,10,"HF5717","MMF.16S.210_HF5717","1686","WD-RC","WD","36","post-abx",52,0,0,NA,"A2","C3",20752,18888,18802,"Mar_2022","ABX","RC","RC","WD"
0.354693042779992,14,14,2.968994426,14,"HF5718","MMF.16S.210_HF5718","1689","WD-RC","WD","36","post-abx",52,0,0,NA,"A2","C3",34593,31443,30700,"Mar_2022","ABX","RC","RC","WD"
2.14981784649209,53,53,7.113927747,53,"HF5765","MMF.16S.210_HF5765","1679","RC-PBS-PBS","RC","25","rec-wk2",66,14,14,NA,"A2","C3",14108,10460,9560,"Mar_2022","PBS","RC","PBS","RC"
2.53799853159334,98,98,10.599079504,98,"HF5766","MMF.16S.210_HF5766","1678","RC-PBS-PBS","RC","25","rec-wk2",66,14,14,NA,"A2","C3",42140,32147,27831,"Mar_2022","PBS","RC","PBS","RC"
0.896956807227761,8,8,1.418264399,8,"HF5767","MMF.16S.210_HF5767","1685","RC-ABX-PBS","RC","26","rec-wk2",66,14,14,NA,"A2","C3",9908,8517,7216,"Mar_2022","ABX","RC","PBS","RC"
3.85614972167422,151,151.5,11.473846537,151,"HF5768","MMF.16S.210_HF5768","1676","RC-RC","RC","27","rec-wk2",66,14,14,NA,"A2","C3",25514,21708,17106,"Mar_2022","ABX","RC","RC","RC"
2.35762474764841,52,52,6.846809199,52,"HF5769","MMF.16S.210_HF5769","1682","RC-RC","RC","27","rec-wk2",66,14,14,NA,"A2","C3",10919,8754,7452,"Mar_2022","ABX","RC","RC","RC"
3.92278091123269,152,152.5,11.370596967,152,"HF5770","MMF.16S.210_HF5770","1677","RC-RC","RC","27","rec-wk2",66,14,14,NA,"A2","C3",30308,24861,19556,"Mar_2022","ABX","RC","RC","RC"
0.555714833120026,7,7,1.811018412,7,"HF5771","MMF.16S.210_HF5771","1681","RC-DIET","RC","28","rec-wk2",66,14,14,NA,"A2","C3",44755,40699,39643,"Mar_2022","ABX","WD","RC","RC"
0.535885443386067,5,5,1.457418114,5,"HF5772","MMF.16S.210_HF5772","1687","RC-DIET","RC","28","rec-wk2",66,14,14,NA,"A2","C3",10223,9353,8966,"Mar_2022","ABX","WD","RC","RC"
2.5835941272206,57,57,6.128273195,57,"HF5773","MMF.16S.210_HF5773","2593","RC-MICR","RC","29","rec-wk2",66,14,14,NA,"A2","C3",55284,46615,42196,"Mar_2022","ABX","RC","WD","RC"
0.950026672504376,7,7,1.120684322,7,"HF5774","MMF.16S.210_HF5774","2592","RC-WD","RC","30","rec-wk2",66,14,14,NA,"A2","C3",33311,30565,29377,"Mar_2022","ABX","WD","WD","RC"
0.993963311671358,6,6,1.0907149,6,"HF5775","MMF.16S.210_HF5775","2594","RC-WD","RC","30","rec-wk2",66,14,14,NA,"A2","C3",19772,17480,17090,"Mar_2022","ABX","WD","WD","RC"
2.19556647622602,77,77,9.036038088,77,"HF5776","MMF.16S.210_HF5776","1688","WD-PBS-PBS","WD","31","rec-wk2",66,14,14,NA,"A2","C3",34573,29126,24335,"Mar_2022","PBS","WD","PBS","WD"
2.19835432564675,29,29,5.671719793,29,"HF5777","MMF.16S.210_HF5777","1690","WD-PBS-PBS","WD","31","rec-wk2",66,14,14,NA,"A2","C3",2435,2088,1734,"Mar_2022","PBS","WD","PBS","WD"
0.50476582977949,2,2,0.891133822,2,"HF5778","MMF.16S.210_HF5778","1691","WD-ABX-PBS","WD","32","rec-wk2",66,14,14,NA,"A2","C3",31704,26755,25587,"Mar_2022","ABX","WD","PBS","WD"
0.465693774539848,2,2,0.891133822,2,"HF5779","MMF.16S.210_HF5779","1696","WD-ABX-PBS","WD","32","rec-wk2",66,14,14,NA,"A2","C3",12435,10817,10159,"Mar_2022","ABX","WD","PBS","WD"
1.05591798593325,4,4,1.102010066,4,"HF5780","MMF.16S.210_HF5780","1694","WD-WD","WD","33","rec-wk2",66,14,14,NA,"A2","C3",22730,18800,16492,"Mar_2022","ABX","WD","WD","WD"
1.08726948485741,6,6,1.10753096,6,"HF5781","MMF.16S.210_HF5781","1698","WD-WD","WD","33","rec-wk2",66,14,14,NA,"A2","C3",39383,32698,28358,"Mar_2022","ABX","WD","WD","WD"
2.57559384789155,54,54,6.648176931,54,"HF5782","MMF.16S.210_HF5782","1693","WD-DIET","WD","34","rec-wk2",66,14,14,NA,"A2","C3",25281,21287,19010,"Mar_2022","ABX","RC","WD","WD"
1.83810910269037,17,17,3.947104753,17,"HF5783","MMF.16S.210_HF5783","1697","WD-DIET","WD","34","rec-wk2",66,14,14,NA,"A2","C3",2628,2324,2154,"Mar_2022","ABX","RC","WD","WD"
0.934568605529605,6,6,3.595145775,6,"HF5784","MMF.16S.210_HF5784","1692","WD-MICR","WD","35","rec-wk2",66,14,14,NA,"A2","C3",47841,42301,39657,"Mar_2022","ABX","WD","RC","WD"
0.392811510741868,3,3,1.002131812,3,"HF5785","MMF.16S.210_HF5785","2595","WD-MICR","WD","35","rec-wk2",66,14,14,NA,"A2","C3",3089,2352,2112,"Mar_2022","ABX","WD","RC","WD"
2.39129520710292,75,75,7.750386839,75,"HF5786","MMF.16S.210_HF5786","1686","WD-RC","WD","36","rec-wk2",66,14,14,NA,"A2","C3",24963,20649,17686,"Mar_2022","ABX","RC","RC","WD"
2.3466326512639,42,42,5.668609178,42,"HF5787","MMF.16S.210_HF5787","1689","WD-RC","WD","36","rec-wk2",66,14,14,NA,"A2","C3",7118,5742,4994,"Mar_2022","ABX","RC","RC","WD"
3.11299708896349,42,42,6.337624264,42,"HF5901","MMF.16S.210_HF5901","2041","RC-PBS-PBS","RC","4A","baseline",21,-31,-31,NA,"A2","C4",3141,2465,1829,"Mar_2022","PBS","RC","PBS","RC"
3.78485734026898,179,182.333333333333,13.694271013,179,"HF5902","MMF.16S.210_HF5902","2042","RC-ABX-PBS","RC","4A","baseline",21,-31,-31,NA,"A2","C4",24723,20315,17024,"Mar_2022","ABX","RC","PBS","RC"
3.37286960115241,124,124,11.943613704,124,"HF5903","MMF.16S.210_HF5903","2043","RC-MICR","RC","4A","baseline",21,-31,-31,NA,"A2","C4",41662,34135,26055,"Mar_2022","ABX","RC","WD","RC"
4.49733434849296,255,257.5,16.888801501,255,"HF5904","MMF.16S.210_HF5904","2044","RC-PBS-PBS","RC","4A","baseline",21,-31,-31,NA,"A2","C4",43907,36571,29880,"Mar_2022","PBS","RC","PBS","RC"
3.73181088169319,123,123.5,11.784917424,123,"HF5905","MMF.16S.210_HF5905","2045","RC-MICR","RC","4B","baseline",21,-31,-31,NA,"A2","C4",21793,18607,14567,"Mar_2022","ABX","RC","WD","RC"
4.08034797191067,112,115,9.892167081,112,"HF5906","MMF.16S.210_HF5906","2046","RC-WD","RC","4B","baseline",21,-31,-31,NA,"A2","C4",10823,8015,5472,"Mar_2022","ABX","WD","WD","RC"
4.12508745018606,128,128,11.560489793,128,"HF5907","MMF.16S.210_HF5907","2047","WD-WD","WD","4F","baseline",21,-31,-31,NA,"A2","C4",13563,10686,8500,"Mar_2022","ABX","WD","WD","WD"
4.56380956302605,220,220.142857142857,15.314087431,220,"HF5908","MMF.16S.210_HF5908","2048","RC-ABX-PBS","RC","4B","baseline",21,-31,-31,NA,"A2","C4",35853,30510,22809,"Mar_2022","ABX","RC","PBS","RC"
4.66983519291286,310,310.666666666667,18.084870286,310,"HF5909","MMF.16S.210_HF5909","2049","RC-DIET","RC","4B","baseline",21,-31,-31,NA,"A2","C4",83477,68400,49767,"Mar_2022","ABX","WD","RC","RC"
4.15633492619532,186,186.25,14.733488555,186,"HF5911","MMF.16S.210_HF5911","2031","WD-DIET","WD","4C","baseline",21,-31,-31,NA,"A2","C4",32004,25231,18705,"Mar_2022","ABX","RC","WD","WD"
3.19546403159425,77,77,9.562821975,77,"HF5912","MMF.16S.210_HF5912","2032","RC-RC","RC","4C","baseline",21,-31,-31,NA,"A2","C4",11329,9403,7811,"Mar_2022","ABX","RC","RC","RC"
3.21052112909212,80,80,8.742946834,80,"HF5914","MMF.16S.210_HF5914","2034","RC-MICR","RC","4C","baseline",21,-31,-31,NA,"A2","C4",19186,15923,11601,"Mar_2022","ABX","RC","WD","RC"
3.46604683177944,85,85,9.160734114,85,"HF5916","MMF.16S.210_HF5916","2051","WD-ABX-PBS","WD","4F","baseline",21,-31,-31,NA,"A2","C4",18394,14312,11324,"Mar_2022","ABX","WD","PBS","WD"
3.73233984625114,111,111.333333333333,9.997899793,111,"HF5917","MMF.16S.210_HF5917","2052","WD-RC","WD","4D","baseline",21,-31,-31,NA,"A2","C4",15730,12758,10246,"Mar_2022","ABX","RC","RC","WD"
3.37099934792932,66,66,8.401876187,66,"HF5918","MMF.16S.210_HF5918","2053","WD-PBS-PBS","WD","4D","baseline",21,-31,-31,NA,"A2","C4",4048,3224,2748,"Mar_2022","PBS","WD","PBS","WD"
1.80151835982522,33,33,5.45301824,33,"HF5919","MMF.16S.210_HF5919","2054","WD-ABX-PBS","WD","4D","baseline",21,-31,-31,NA,"A2","C4",5533,4414,3964,"Mar_2022","ABX","WD","PBS","WD"
3.90786704202793,219,220,15.433501778,219,"HF5920","MMF.16S.210_HF5920","2035","WD-DIET","WD","4E","baseline",21,-31,-31,NA,"A2","C4",79886,64082,50946,"Mar_2022","ABX","RC","WD","WD"
4.01030732392469,199,200,14.412926902,199,"HF5921","MMF.16S.210_HF5921","2036","WD-RC","WD","4E","baseline",21,-31,-31,NA,"A2","C4",50202,43370,31455,"Mar_2022","ABX","RC","RC","WD"
3.51657305722097,212,212,15.15477238,212,"HF5922","MMF.16S.210_HF5922","2037","WD-WD","WD","4E","baseline",21,-31,-31,NA,"A2","C4",61299,51650,39604,"Mar_2022","ABX","WD","WD","WD"
3.40009524570679,70,70,9.122527343,70,"HF5923","MMF.16S.210_HF5923","2038","WD-DIET","WD","4F","baseline",21,-31,-31,NA,"A2","C4",6746,4329,3480,"Mar_2022","ABX","RC","WD","WD"
3.03883807801788,71,71,8.945728875,71,"HF5924","MMF.16S.210_HF5924","2039","WD-DIET","WD","4E","baseline",21,-31,-31,NA,"A2","C4",11193,9410,7725,"Mar_2022","ABX","RC","WD","WD"
3.4523236183422,134,134.25,12.383709496,134,"HF5950","MMF.16S.210_HF5950","2042","RC-ABX-PBS","RC","4G","pre-abx",49,-3,-3,NA,"A2","C4",26381,21299,16274,"Mar_2022","ABX","RC","PBS","RC"
3.75158947704943,193,193.6,14.307506645,193,"HF5951","MMF.16S.210_HF5951","2044","RC-PBS-PBS","RC","4A","pre-abx",49,-3,-3,NA,"A2","C4",54902,45157,35897,"Mar_2022","PBS","RC","PBS","RC"
3.18175734701894,96,96,10.873961826,96,"HF5952","MMF.16S.210_HF5952","2041","RC-PBS-PBS","RC","4A","pre-abx",49,-3,-3,NA,"A2","C4",21760,18135,15222,"Mar_2022","PBS","RC","PBS","RC"
3.34362115589541,136,136.5,12.94609084,136,"HF5953","MMF.16S.210_HF5953","2040","RC-DIET","RC","4G","pre-abx",49,-3,-3,NA,"A2","C4",17547,14034,12099,"Mar_2022","ABX","WD","RC","RC"
3.52967538653391,192,195.333333333333,14.930846483,192,"HF5954","MMF.16S.210_HF5954","2043","RC-MICR","RC","4G","pre-abx",49,-3,-3,NA,"A2","C4",59200,49553,38019,"Mar_2022","ABX","RC","WD","RC"
2.64428388665571,38,38,6.224406279,38,"HF5955","MMF.16S.210_HF5955","2048","RC-ABX-PBS","RC","4B","pre-abx",49,-3,-3,NA,"A2","C4",4005,3181,2652,"Mar_2022","ABX","RC","PBS","RC"
2.82150038247814,71,71,8.938664356,71,"HF5956","MMF.16S.210_HF5956","2049","RC-DIET","RC","4B","pre-abx",49,-3,-3,NA,"A2","C4",10285,8729,7375,"Mar_2022","ABX","WD","RC","RC"
2.85659576953766,100,100,10.331551357,100,"HF5957","MMF.16S.210_HF5957","2045","RC-MICR","RC","4B","pre-abx",49,-3,-3,NA,"A2","C4",30508,24853,20812,"Mar_2022","ABX","RC","WD","RC"
3.40251195798466,91,94,10.074813235,91,"HF5958","MMF.16S.210_HF5958","2046","RC-WD","RC","4B","pre-abx",49,-3,-3,NA,"A2","C4",10922,8899,7216,"Mar_2022","ABX","WD","WD","RC"
2.53590329307382,68,68,8.339786892,68,"HF5959","MMF.16S.210_HF5959","2030","RC-ABX-PBS","RC","4C","pre-abx",49,-3,-3,NA,"A2","C4",12180,8498,7468,"Mar_2022","ABX","RC","PBS","RC"
3.26131470047305,83,83,9.7261425,83,"HF5960","MMF.16S.210_HF5960","2032","RC-RC","RC","4C","pre-abx",49,-3,-3,NA,"A2","C4",9533,7487,5762,"Mar_2022","ABX","RC","RC","RC"
2.49166588187042,99,99.5,10.087188274,99,"HF5961","MMF.16S.210_HF5961","2034","RC-MICR","RC","4C","pre-abx",49,-3,-3,NA,"A2","C4",31693,26925,23091,"Mar_2022","ABX","RC","WD","RC"
2.80907855476383,141,141.5,13.18583494,141,"HF5962","MMF.16S.210_HF5962","2033","RC-WD","RC","4C","pre-abx",49,-3,-3,NA,"A2","C4",50870,42431,33489,"Mar_2022","ABX","WD","WD","RC"
2.65844285669686,111,111,10.329678576,111,"HF5963","MMF.16S.210_HF5963","2054","WD-ABX-PBS","WD","4E","pre-abx",49,-3,-3,NA,"A2","C4",28444,23574,18867,"Mar_2022","ABX","WD","PBS","WD"
2.04402154305266,76,76,9.228338943,76,"HF5964","MMF.16S.211_HF5964","2052","WD-RC","WD","4F","pre-abx",49,-3,-3,NA,"A2","C4",37036,30503,25965,"Mar_2022","ABX","RC","RC","WD"
2.01934993034085,78,78.5,9.336030845,78,"HF5965","MMF.16S.211_HF5965","2053","WD-PBS-PBS","WD","4D","pre-abx",49,-3,-3,NA,"A2","C4",32049,26773,22874,"Mar_2022","PBS","WD","PBS","WD"
1.75523497037047,38,38,6.561547232,38,"HF5966","MMF.16S.211_HF5966","2050","WD-PBS-PBS","WD","4D","pre-abx",49,-3,-3,NA,"A2","C4",10490,8781,7782,"Mar_2022","PBS","WD","PBS","WD"
2.40843613164346,105,105,10.224548549,105,"HF5967","MMF.16S.211_HF5967","2037","WD-WD","WD","4E","pre-abx",49,-3,-3,NA,"A2","C4",33123,26312,23085,"Mar_2022","ABX","WD","WD","WD"
2.45638918098075,81,81,9.698648305,81,"HF5969","MMF.16S.211_HF5969","2039","WD-DIET","WD","4E","pre-abx",49,-3,-3,NA,"A2","C4",25116,20399,18497,"Mar_2022","ABX","RC","WD","WD"
2.1382317693255,34,34,6.51446489,34,"HF5970","MMF.16S.211_HF5970","2036","WD-RC","WD","4E","pre-abx",49,-3,-3,NA,"A2","C4",13256,11123,9450,"Mar_2022","ABX","RC","RC","WD"
2.59152602968228,71,71.3333333333333,8.397202795,71,"HF5971","MMF.16S.211_HF5971","2051","WD-ABX-PBS","WD","4F","pre-abx",49,-3,-3,NA,"A2","C4",12613,10967,9191,"Mar_2022","ABX","WD","PBS","WD"
2.22674412497283,95,95,10.578905393,95,"HF5972","MMF.16S.211_HF5972","2047","WD-WD","WD","4F","pre-abx",49,-3,-3,NA,"A2","C4",33621,28887,24590,"Mar_2022","ABX","WD","WD","WD"
2.43080026074213,71,71,8.687089489,71,"HF5973","MMF.16S.211_HF5973","2038","WD-DIET","WD","4F","pre-abx",49,-3,-3,NA,"A2","C4",16095,13950,11798,"Mar_2022","ABX","RC","WD","WD"
2.61312611941748,75,75,9.504914563,75,"HF5974","MMF.16S.211_HF5974","2031","WD-DIET","WD","4F","pre-abx",49,-3,-3,NA,"A2","C4",18337,15994,13949,"Mar_2022","ABX","RC","WD","WD"
3.25746452387002,99,99,11.011244296,99,"HF5975","MMF.16S.211_HF5975","2041","RC-PBS-PBS","RC","37","post-abx",52,0,0,NA,"A2","C4",12143,10063,8797,"Mar_2022","PBS","RC","PBS","RC"
2.5650277379949,45,45,6.830903468,45,"HF5976","MMF.16S.211_HF5976","2044","RC-PBS-PBS","RC","37","post-abx",52,0,0,NA,"A2","C4",9493,6019,5237,"Mar_2022","PBS","RC","PBS","RC"
2.20155352698139,35,35,5.362231909,35,"HF5977","MMF.16S.211_HF5977","2042","RC-ABX-PBS","RC","38","post-abx",52,0,0,NA,"A2","C4",16852,13435,13192,"Mar_2022","ABX","RC","PBS","RC"
2.27400049247909,83,83,9.47955339,83,"HF5978","MMF.16S.211_HF5978","2048","RC-ABX-PBS","RC","38","post-abx",52,0,0,NA,"A2","C4",46005,37610,36644,"Mar_2022","ABX","RC","PBS","RC"
3.46963114800752,70,70,9.772141703,70,"HF5981","MMF.16S.211_HF5981","2040","RC-DIET","RC","40","post-abx",52,0,0,NA,"A2","C4",9770,8060,7182,"Mar_2022","ABX","WD","RC","RC"
2.52147871306093,52,52,7.789864087,52,"HF5983","MMF.16S.211_HF5983","2043","RC-MICR","RC","41","post-abx",52,0,0,NA,"A2","C4",18587,14681,14308,"Mar_2022","ABX","RC","WD","RC"
2.34950859254547,29,29,4.619194423,29,"HF5984","MMF.16S.211_HF5984","2045","RC-MICR","RC","41","post-abx",52,0,0,NA,"A2","C4",9133,7205,7055,"Mar_2022","ABX","RC","WD","RC"
2.27447991109358,76,77,9.164353839,76,"HF5988","MMF.16S.211_HF5988","2053","WD-PBS-PBS","WD","43","post-abx",52,0,0,NA,"A2","C4",26396,22608,20222,"Mar_2022","PBS","WD","PBS","WD"
2.51720987561858,93,93,10.989853307,93,"HF5989","MMF.16S.211_HF5989","2050","WD-PBS-PBS","WD","43","post-abx",52,0,0,NA,"A2","C4",39698,33386,30276,"Mar_2022","PBS","WD","PBS","WD"
0.120722650413868,7,7,2.179634984,7,"HF5990","MMF.16S.211_HF5990","2054","WD-ABX-PBS","WD","44","post-abx",52,0,0,NA,"A2","C4",9738,9160,9112,"Mar_2022","ABX","WD","PBS","WD"
0.166717201379367,13,13,2.427533601,13,"HF5991","MMF.16S.211_HF5991","2051","WD-ABX-PBS","WD","44","post-abx",52,0,0,NA,"A2","C4",44215,40526,40451,"Mar_2022","ABX","WD","PBS","WD"
0.946149408386397,18,18,3.389790334,18,"HF5992","MMF.16S.211_HF5992","2037","WD-WD","WD","45","post-abx",52,0,0,NA,"A2","C4",44834,38215,37924,"Mar_2022","ABX","WD","WD","WD"
0.140503586555031,7,7,1.971292681,7,"HF5993","MMF.16S.211_HF5993","2047","WD-WD","WD","45","post-abx",52,0,0,NA,"A2","C4",29162,27172,27121,"Mar_2022","ABX","WD","WD","WD"
0.343258787874697,15,15,3.062725997,15,"HF5994","MMF.16S.211_HF5994","2035","WD-DIET","WD","46","post-abx",52,0,0,NA,"A2","C4",52557,48824,48528,"Mar_2022","ABX","RC","WD","WD"
0,1,1,0.576388276,1,"HF5995","MMF.16S.211_HF5995","2038","WD-DIET","WD","46","post-abx",52,0,0,NA,"A2","C4",5149,4785,4775,"Mar_2022","ABX","RC","WD","WD"
0.165569957072123,14,14,3.310328357,14,"HF5996","MMF.16S.211_HF5996","2039","WD-DIET","WD","47","post-abx",52,0,0,NA,"A2","C4",43020,40295,40185,"Mar_2022","ABX","RC","WD","WD"
0.0628831559721994,5,5,1.683427248,5,"HF5997","MMF.16S.211_HF5997","2031","WD-MICR","WD","47","post-abx",52,0,0,NA,"A2","C4",28509,26988,26909,"Mar_2022","ABX","WD","RC","WD"
1.04063523663292,17,17,3.474233583,17,"HF5998","MMF.16S.211_HF5998","2036","WD-RC","WD","48","post-abx",52,0,0,NA,"A2","C4",34044,29329,28886,"Mar_2022","ABX","RC","RC","WD"
0.0785928542168784,13,13,3.151001828,13,"HF5999","MMF.16S.211_HF5999","2052","WD-RC","WD","48","post-abx",52,0,0,NA,"A2","C4",31889,29580,29365,"Mar_2022","ABX","RC","RC","WD"
2.87358394626659,137,137,13.0016172,137,"HF6050","MMF.16S.211_HF6050","2041","RC-PBS-PBS","RC","37","rec-wk2",66,14,14,NA,"A2","C4",31556,25889,23273,"Mar_2022","PBS","RC","PBS","RC"
2.18248002977232,26,26,5.170647643,26,"HF6051","MMF.16S.211_HF6051","2044","RC-PBS-PBS","RC","37","rec-wk2",66,14,14,NA,"A2","C4",3548,2978,2489,"Mar_2022","PBS","RC","PBS","RC"
1.71170208989976,50,50,4.597460115,50,"HF6052","MMF.16S.211_HF6052","2042","RC-ABX-PBS","RC","38","rec-wk2",66,14,14,NA,"A2","C4",56924,45356,41756,"Mar_2022","ABX","RC","PBS","RC"
1.09342891944983,16,16,2.793640066,16,"HF6053","MMF.16S.211_HF6053","2048","RC-ABX-PBS","RC","38","rec-wk2",66,14,14,NA,"A2","C4",19131,15006,14445,"Mar_2022","ABX","RC","PBS","RC"
1.76301649176134,41,42,3.821459121,41,"HF6054","MMF.16S.211_HF6054","2030","RC-ABX-PBS","RC","38","rec-wk2",66,14,14,NA,"A2","C4",25893,22558,20960,"Mar_2022","ABX","RC","PBS","RC"
3.56534222561151,124,124,11.574481333,124,"HF6055","MMF.16S.211_HF6055","2032","RC-RC","RC","39","rec-wk2",66,14,14,NA,"A2","C4",15189,12461,10622,"Mar_2022","ABX","RC","RC","RC"
0.857212808249194,4,4,1.102010066,4,"HF6056","MMF.16S.211_HF6056","2040","RC-DIET","RC","40","rec-wk2",66,14,14,NA,"A2","C4",6587,5812,5325,"Mar_2022","ABX","WD","RC","RC"
1.00284406039972,5,5,1.104770515,5,"HF6057","MMF.16S.211_HF6057","2049","RC-DIET","RC","40","rec-wk2",66,14,14,NA,"A2","C4",37893,33192,31811,"Mar_2022","ABX","WD","RC","RC"
2.43690853089303,46,46,5.016948243,46,"HF6058","MMF.16S.211_HF6058","2043","RC-MICR","RC","41","rec-wk2",66,14,14,NA,"A2","C4",40428,35684,32810,"Mar_2022","ABX","RC","WD","RC"
2.11488949154909,41,41,4.883689664,41,"HF6059","MMF.16S.211_HF6059","2045","RC-MICR","RC","41","rec-wk2",66,14,14,NA,"A2","C4",33794,30554,29450,"Mar_2022","ABX","RC","WD","RC"
1.63310130611688,27,27,4.348264795,27,"HF6060","MMF.16S.211_HF6060","2034","RC-MICR","RC","41","rec-wk2",66,14,14,NA,"A2","C4",28469,26721,25920,"Mar_2022","ABX","RC","WD","RC"
0.853451590222155,8,8,2.367641332,8,"HF6061","MMF.16S.211_HF6061","2046","RC-WD","RC","42","rec-wk2",66,14,14,NA,"A2","C4",35286,31725,30507,"Mar_2022","ABX","WD","WD","RC"
0.932159995235359,6,6,1.370177763,6,"HF6062","MMF.16S.211_HF6062","2033","RC-WD","RC","42","rec-wk2",66,14,14,NA,"A2","C4",38527,34946,33959,"Mar_2022","ABX","WD","WD","RC"
2.25533595876602,94,94,10.067473456,94,"HF6063","MMF.16S.211_HF6063","2053","WD-PBS-PBS","WD","43","rec-wk2",66,14,14,NA,"A2","C4",30114,26739,23667,"Mar_2022","PBS","WD","PBS","WD"
1.84601453666588,76,76,9.306495477,76,"HF6064","MMF.16S.211_HF6064","2050","WD-PBS-PBS","WD","43","rec-wk2",66,14,14,NA,"A2","C4",70937,56880,47590,"Mar_2022","PBS","WD","PBS","WD"
0.0534176147155978,8,8,2.498004711,8,"HF6065","MMF.16S.211_HF6065","2054","WD-ABX-PBS","WD","44","rec-wk2",66,14,14,NA,"A2","C4",23623,21622,21536,"Mar_2022","ABX","WD","PBS","WD"
0.0691523168865848,4,4,1.25265998,4,"HF6066","MMF.16S.211_HF6066","2051","WD-ABX-PBS","WD","44","rec-wk2",66,14,14,NA,"A2","C4",25016,23515,23499,"Mar_2022","ABX","WD","PBS","WD"
1.08942906491557,4,4,1.102010066,4,"HF6068","MMF.16S.211_HF6068","2047","WD-WD","WD","45","rec-wk2",66,14,14,NA,"A2","C4",23065,20944,17837,"Mar_2022","ABX","WD","WD","WD"
1.40733508254511,12,12,2.02445998,12,"HF6069","MMF.16S.211_HF6069","2035","WD-DIET","WD","46","rec-wk2",66,14,14,NA,"A2","C4",14954,12725,12436,"Mar_2022","ABX","RC","WD","WD"
1.48217342663294,15,15,2.413704687,15,"HF6070","MMF.16S.211_HF6070","2038","WD-DIET","WD","46","rec-wk2",66,14,14,NA,"A2","C4",35152,30873,29788,"Mar_2022","ABX","RC","WD","WD"
0.825453605609116,5,5,1.140200224,5,"HF6071","MMF.16S.211_HF6071","2039","WD-MICR","WD","47","rec-wk2",66,14,14,NA,"A2","C4",8059,6850,6680,"Mar_2022","ABX","WD","RC","WD"
0.784819067097415,5,5,1.486589349,5,"HF6072","MMF.16S.211_HF6072","2031","WD-MICR","WD","47","rec-wk2",66,14,14,NA,"A2","C4",11258,9751,9261,"Mar_2022","ABX","WD","RC","WD"
2.41037018069189,109,109,10.303484714,109,"HF6073","MMF.16S.211_HF6073","2036","WD-RC","WD","48","rec-wk2",66,14,14,NA,"A2","C4",81948,67780,57822,"Mar_2022","ABX","RC","RC","WD"
3.17036920221395,145,145,12.037142095,145,"HF6074","MMF.16S.211_HF6074","2052","WD-RC","WD","48","rec-wk2",66,14,14,NA,"A2","C4",48902,42598,37184,"Mar_2022","ABX","RC","RC","WD"
2.0818803819132,118,118,12.113210885,118,"HF7209","MMF.16S.211_HF7209","1679","RC-PBS-PBS","RC","25","rec-wk4",80,28,28,NA,"A2","C3",55423,46241,39081,"Mar_2022","PBS","RC","PBS","RC"
0.864557983810954,22,22,3.46260705,22,"HF7228","MMF.16S.211_HF7228","1685","RC-ABX-PBS","RC","26","rec-wk4",80,28,28,NA,"A2","C3",14607,10750,10422,"Mar_2022","ABX","RC","PBS","RC"
2.43187406859895,66,66,8.562929872,66,"HF7247","MMF.16S.211_HF7247","1676","RC-RC","RC","27","rec-wk4",80,28,28,NA,"A2","C3",14794,12350,10466,"Mar_2022","ABX","RC","RC","RC"
1.66797636791184,41,41,4.735718766,41,"HF7266","MMF.16S.211_HF7266","1681","RC-DIET","RC","28","rec-wk4",80,28,28,NA,"A2","C3",68265,61180,55757,"Mar_2022","ABX","WD","RC","RC"
3.21953589519592,139,139.333333333333,11.751684276,139,"HF7285","MMF.16S.211_HF7285","2593","RC-MICR","RC","29","rec-wk4",80,28,28,NA,"A2","C3",65732,51938,44213,"Mar_2022","ABX","RC","WD","RC"
1.95261418045605,51,51,7.845434791,51,"HF7304","MMF.16S.211_HF7304","2592","RC-WD","RC","30","rec-wk4",80,28,28,NA,"A2","C3",26032,22114,19980,"Mar_2022","ABX","WD","WD","RC"
2.20748839787852,61,61,8.234369697,61,"HF7323","MMF.16S.211_HF7323","1688","WD-PBS-PBS","WD","31","rec-wk4",80,28,28,NA,"A2","C3",29455,25214,23162,"Mar_2022","PBS","WD","PBS","WD"
0.542925279858845,9,9,1.592208849,9,"HF7342","MMF.16S.211_HF7342","1691","WD-ABX-PBS","WD","32","rec-wk4",80,28,28,NA,"A2","C3",51609,45944,43527,"Mar_2022","ABX","WD","PBS","WD"
1.90887106505211,28,28,5.688335977,28,"HF7361","MMF.16S.211_HF7361","1694","WD-WD","WD","33","rec-wk4",81,29,28,NA,"A2","C3",6446,5317,4898,"Mar_2022","ABX","WD","WD","WD"
2.10787769484439,55,55,6.894500483,55,"HF7380","MMF.16S.211_HF7380","1693","WD-DIET","WD","34","rec-wk4",81,29,28,NA,"A2","C3",12694,10809,9655,"Mar_2022","ABX","RC","WD","WD"
1.23654292293869,35,35,5.515397318,35,"HF7399","MMF.16S.211_HF7399","1692","WD-MICR","WD","35","rec-wk4",81,29,28,NA,"A2","C3",34915,30423,28119,"Mar_2022","ABX","WD","RC","WD"
2.48984819045372,71,71,9.101116067,71,"HF7418","MMF.16S.211_HF7418","1686","WD-RC","WD","36","rec-wk4",81,29,28,NA,"A2","C3",14225,12003,10140,"Mar_2022","ABX","RC","RC","WD"
2.47817510524439,67,67,8.478453028,67,"HF7437","MMF.16S.211_HF7437","1678","RC-PBS-PBS","RC","25","rec-wk4",81,29,28,NA,"A2","C3",18550,12874,10905,"Mar_2022","PBS","RC","PBS","RC"
2.99879864811659,93,93,10.237318892,93,"HF7456","MMF.16S.211_HF7456","1682","RC-RC","RC","27","rec-wk4",81,29,28,NA,"A2","C3",11899,9198,7586,"Mar_2022","ABX","RC","RC","RC"
2.05264886021257,60,60,5.779334587,60,"HF7475","MMF.16S.211_HF7475","1687","RC-DIET","RC","28","rec-wk4",81,29,28,NA,"A2","C3",50818,46187,44860,"Mar_2022","ABX","WD","RC","RC"
2.15799083771878,49,49,7.064814553,49,"HF7494","MMF.16S.211_HF7494","2594","RC-WD","RC","30","rec-wk4",84,32,28,NA,"A2","C3",51218,44010,35585,"Mar_2022","ABX","WD","WD","RC"
2.25524194863301,102,102,11.369837167,102,"HF7513","MMF.16S.211_HF7513","1690","WD-PBS-PBS","WD","31","rec-wk4",84,32,28,NA,"A2","C3",70358,60609,53870,"Mar_2022","PBS","WD","PBS","WD"
0.410738417818838,12,12,5.843519307,12,"HF7532","MMF.16S.212_HF7532","1696","WD-ABX-PBS","WD","32","rec-wk4",84,32,28,NA,"A2","C3",74562,66374,64012,"Mar_2022","ABX","WD","PBS","WD"
1.9692753291656,35,35,6.114215512,35,"HF7551","MMF.16S.212_HF7551","1698","WD-WD","WD","33","rec-wk4",84,32,28,NA,"A2","C3",27762,22349,18141,"Mar_2022","ABX","WD","WD","WD"
3.23641986323157,72,72,8.325011181,72,"HF7570","MMF.16S.212_HF7570","1697","WD-DIET","WD","34","rec-wk4",84,32,28,NA,"A2","C3",8253,6905,5385,"Mar_2022","ABX","RC","WD","WD"
1.92024581054919,54,54,6.264465294,54,"HF7589","MMF.16S.212_HF7589","2595","WD-MICR","WD","35","rec-wk4",84,32,28,NA,"A2","C3",21844,19471,17910,"Mar_2022","ABX","WD","RC","WD"
3.12835337255251,116,116,11.77600826,116,"HF7627","MMF.16S.212_HF7627","1677","RC-RC","RC","27","rec-wk4",84,32,28,NA,"A2","C3",23290,18207,15719,"Mar_2022","ABX","RC","RC","RC"
2.5950901177601,78,78,8.851686889,78,"HF7709","MMF.16S.212_HF7709","2052","WD-RC","WD","48","rec-wk4",79,27,28,NA,"A2","C4",15699,13709,11448,"Mar_2022","ABX","RC","RC","WD"
1.19704259855685,18,18,3.828385817,18,"HF7728","MMF.16S.212_HF7728","2031","WD-MICR","WD","47","rec-wk4",79,27,28,NA,"A2","C4",7126,6430,5514,"Mar_2022","ABX","WD","RC","WD"
2.95452231843988,114,114,10.039441873,114,"HF7747","MMF.16S.212_HF7747","2038","WD-DIET","WD","46","rec-wk4",79,27,28,NA,"A2","C4",44936,38463,31173,"Mar_2022","ABX","RC","WD","WD"
1.66611364650213,30,30,6.15066319,30,"HF7766","MMF.16S.212_HF7766","2047","WD-WD","WD","45","rec-wk4",79,27,28,NA,"A2","C4",11036,9663,7543,"Mar_2022","ABX","WD","WD","WD"
0.0970339401902254,5,5,4.638245286,5,"HF7785","MMF.16S.212_HF7785","2051","WD-ABX-PBS","WD","44","rec-wk4",79,27,28,NA,"A2","C4",14251,12427,12351,"Mar_2022","ABX","WD","PBS","WD"
1.83520534174674,24,24,5.346668305,24,"HF7804","MMF.16S.212_HF7804","2050","WD-PBS-PBS","WD","43","rec-wk4",79,27,28,NA,"A2","C4",9733,7963,7022,"Mar_2022","PBS","WD","PBS","WD"
2.86204555285602,49,49,6.798961416,49,"HF7823","MMF.16S.212_HF7823","2034","RC-MICR","RC","41","rec-wk4",79,27,28,NA,"A2","C4",10627,6630,5199,"Mar_2022","ABX","RC","WD","RC"
2.17554615810164,93,93.3333333333333,8.818878646,93,"HF7842","MMF.16S.212_HF7842","2030","RC-ABX-PBS","RC","38","rec-wk4",79,27,28,NA,"A2","C4",66298,56095,44928,"Mar_2022","ABX","RC","PBS","RC"
3.03869507488552,118,118,11.155317039,118,"HF7861","MMF.16S.212_HF7861","2041","RC-PBS-PBS","RC","37","rec-wk4",80,28,28,NA,"A2","C4",38957,33892,28037,"Mar_2022","PBS","RC","PBS","RC"
1.35428769860013,36,36,4.995632635,36,"HF7880","MMF.16S.212_HF7880","2042","RC-ABX-PBS","RC","38","rec-wk4",80,28,28,NA,"A2","C4",29924,23405,21231,"Mar_2022","ABX","RC","PBS","RC"
3.23966341647875,176,181,14.181731287,176,"HF7899","MMF.16S.212_HF7899","2032","RC-RC","RC","39","rec-wk4",80,28,28,NA,"A2","C4",56143,49124,36263,"Mar_2022","ABX","RC","RC","RC"
1.96304429795711,42,42,6.88580222,42,"HF7918","MMF.16S.212_HF7918","2040","RC-DIET","RC","40","rec-wk4",80,28,28,NA,"A2","C4",8788,6180,5180,"Mar_2022","ABX","WD","RC","RC"
3.42564296447494,119,119,11.30323926,119,"HF7937","MMF.16S.212_HF7937","2043","RC-MICR","RC","41","rec-wk4",80,28,28,NA,"A2","C4",24121,20434,15032,"Mar_2022","ABX","RC","WD","RC"
1.75879432846125,36,36,5.611450847,36,"HF7956","MMF.16S.212_HF7956","2046","RC-WD","RC","42","rec-wk4",80,28,28,NA,"A2","C4",22769,18603,16850,"Mar_2022","ABX","WD","WD","RC"
3.00718584492071,128,128.25,11.110619386,128,"HF7975","MMF.16S.212_HF7975","2053","WD-PBS-PBS","WD","43","rec-wk4",80,28,28,NA,"A2","C4",38914,32493,25593,"Mar_2022","PBS","WD","PBS","WD"
0.573655391467559,2,2,0.891133822,2,"HF7994","MMF.16S.212_HF7994","2054","WD-ABX-PBS","WD","44","rec-wk4",80,28,28,NA,"A2","C4",2885,2650,2467,"Mar_2022","ABX","WD","PBS","WD"
3.45711814813375,165,166,12.959680868,165,"HF8013","MMF.16S.212_HF8013","2044","RC-PBS-PBS","RC","37","rec-wk4",81,29,28,NA,"A2","C4",37616,32815,26021,"Mar_2022","PBS","RC","PBS","RC"
0.928653943775827,24,24,4.066136201,24,"HF8032","MMF.16S.212_HF8032","2048","RC-ABX-PBS","RC","38","rec-wk4",81,29,28,NA,"A2","C4",23692,20759,19303,"Mar_2022","ABX","RC","PBS","RC"
2.41037191522911,86,86,9.310437125,86,"HF8051","MMF.16S.212_HF8051","2049","RC-DIET","RC","40","rec-wk4",81,29,28,NA,"A2","C4",36662,30321,25604,"Mar_2022","ABX","WD","RC","RC"
4.01164681559292,162,162.333333333333,13.405771945,162,"HF8070","MMF.16S.212_HF8070","2045","RC-MICR","RC","41","rec-wk4",81,29,28,NA,"A2","C4",33834,28634,23152,"Mar_2022","ABX","RC","WD","RC"
1.4338489411514,17,17,4.32886882,17,"HF8089","MMF.16S.212_HF8089","2033","RC-WD","RC","42","rec-wk4",81,29,28,NA,"A2","C4",4034,3452,2812,"Mar_2022","ABX","WD","WD","RC"
3.11046213806927,121,121,11.325174576,121,"HF8108","MMF.16S.212_HF8108","2037","WD-WD","WD","45","rec-wk4",81,29,28,NA,"A2","C4",30820,25916,20800,"Mar_2022","ABX","WD","WD","WD"
3.3645215282688,114,114.5,10.371522853,114,"HF8127","MMF.16S.212_HF8127","2035","WD-DIET","WD","46","rec-wk4",81,29,28,NA,"A2","C4",23787,19750,15747,"Mar_2022","ABX","RC","WD","WD"
1.67675022243692,66,66,8.206086196,66,"HF8146","MMF.16S.212_HF8146","2039","WD-MICR","WD","47","rec-wk4",81,29,28,NA,"A2","C4",20272,17590,15606,"Mar_2022","ABX","WD","RC","WD"
3.8336015750296,164,164.333333333333,13.531906235,164,"HF8165","MMF.16S.212_HF8165","2036","WD-RC","WD","48","rec-wk4",81,29,28,NA,"A2","C4",31539,25775,18412,"Mar_2022","ABX","RC","RC","WD"
2.60982844978744,80,80,5.568635846,80,"HF5170","MMF.16S.332_HF5170","1585","RC-RC","RC","3","rec-wk1",59,7,7,NA,"A2","C1",158812,111132,103521,"Feb_2023","ABX","RC","RC","RC"
2.11441208145177,50,50,4.814380019,50,"HF5186","MMF.16S.332_HF5186","1571","WD-RC","WD","12","rec-wk1",59,7,7,NA,"A2","C1",117252,89589,84886,"Feb_2023","ABX","RC","RC","WD"
1.57289278598606,18,18,3.104821132,18,"HF5448","MMF.16S.332_HF5448","1636","RC-RC","RC","15","rec-wk1",59,7,7,NA,"A2","C2",95311,78017,76806,"Feb_2023","ABX","RC","RC","RC"
0.499481645163493,17,17,3.919975984,17,"HF5466","MMF.16S.332_HF5466","1630","WD-RC","WD","24","rec-wk1",59,7,7,NA,"A2","C2",135192,114376,114017,"Feb_2023","ABX","RC","RC","WD"
3.09887765819955,112,112,10.546696095,112,"HF5722","MMF.16S.332_HF5722","1676","RC-RC","RC","27","rec-wk1",59,7,7,NA,"A2","C3",54206,42672,41409,"Feb_2023","ABX","RC","RC","RC"
1.77473780125631,40,40,5.383984523,40,"HF5740","MMF.16S.332_HF5740","1686","WD-RC","WD","36","rec-wk1",59,7,7,NA,"A2","C3",104274,87009,82945,"Feb_2023","ABX","RC","RC","WD"
2.80354405663431,98,98,9.645235584,98,"HF6005","MMF.16S.332_HF6005","2032","RC-RC","RC","39","rec-wk1",59,7,7,NA,"A2","C4",134760,98461,89981,"Feb_2023","ABX","RC","RC","RC"
3.3868067291359,129,129,10.473681315,129,"HF6023","MMF.16S.332_HF6023","2036","WD-RC","WD","48","rec-wk1",59,7,7,NA,"A2","C4",106637,78220,69324,"Feb_2023","ABX","RC","RC","WD"
